pref,pref_ja,fiscal_year,month,count,as_of,source_url,source_title,format,comparable,method_note
akita,秋田,2026,4,395,2026-08-31,https://ckan.pref.akita.lg.jp/dataset/050008_shizenhogoka_003,"秋田県 クマダス (ツキノワグマ出没情報) open data, CC BY 4.0",CSV (CKAN open data),true,"bear_reports column of akita_monthly.csv = sightings + food-damage traces + other traces + injuries, the same 出没 series as the ministry's table (FY2025 total 13,592 in both). Month values copied from akita_monthly.csv; August's as_of equals the month end, so late-filed August reports may still be missing."
akita,秋田,2026,5,844,2026-08-31,https://ckan.pref.akita.lg.jp/dataset/050008_shizenhogoka_003,"秋田県 クマダス (ツキノワグマ出没情報) open data, CC BY 4.0",CSV (CKAN open data),true,"bear_reports column of akita_monthly.csv = sightings + food-damage traces + other traces + injuries, the same 出没 series as the ministry's table (FY2025 total 13,592 in both). Month values copied from akita_monthly.csv; August's as_of equals the month end, so late-filed August reports may still be missing."
akita,秋田,2026,6,874,2026-08-31,https://ckan.pref.akita.lg.jp/dataset/050008_shizenhogoka_003,"秋田県 クマダス (ツキノワグマ出没情報) open data, CC BY 4.0",CSV (CKAN open data),true,"bear_reports column of akita_monthly.csv = sightings + food-damage traces + other traces + injuries, the same 出没 series as the ministry's table (FY2025 total 13,592 in both). Month values copied from akita_monthly.csv; August's as_of equals the month end, so late-filed August reports may still be missing."
akita,秋田,2026,7,904,2026-08-31,https://ckan.pref.akita.lg.jp/dataset/050008_shizenhogoka_003,"秋田県 クマダス (ツキノワグマ出没情報) open data, CC BY 4.0",CSV (CKAN open data),true,"bear_reports column of akita_monthly.csv = sightings + food-damage traces + other traces + injuries, the same 出没 series as the ministry's table (FY2025 total 13,592 in both). Month values copied from akita_monthly.csv; August's as_of equals the month end, so late-filed August reports may still be missing."
akita,秋田,2026,8,251,2026-08-31,https://ckan.pref.akita.lg.jp/dataset/050008_shizenhogoka_003,"秋田県 クマダス (ツキノワグマ出没情報) open data, CC BY 4.0",CSV (CKAN open data),true,"bear_reports column of akita_monthly.csv = sightings + food-damage traces + other traces + injuries, the same 出没 series as the ministry's table (FY2025 total 13,592 in both). Month values copied from akita_monthly.csv; August's as_of equals the month end, so late-filed August reports may still be missing."
akita,秋田,2026,9,,2026-08-31,https://ckan.pref.akita.lg.jp/dataset/050008_shizenhogoka_003,"秋田県 クマダス (ツキノワグマ出没情報) open data, CC BY 4.0",CSV (CKAN open data),true,"bear_reports column of akita_monthly.csv = sightings + food-damage traces + other traces + injuries, the same 出没 series as the ministry's table (FY2025 total 13,592 in both). Month values copied from akita_monthly.csv; August's as_of equals the month end, so late-filed August reports may still be missing."
akita,秋田,2026,10,,2026-08-31,https://ckan.pref.akita.lg.jp/dataset/050008_shizenhogoka_003,"秋田県 クマダス (ツキノワグマ出没情報) open data, CC BY 4.0",CSV (CKAN open data),true,"bear_reports column of akita_monthly.csv = sightings + food-damage traces + other traces + injuries, the same 出没 series as the ministry's table (FY2025 total 13,592 in both). Month values copied from akita_monthly.csv; August's as_of equals the month end, so late-filed August reports may still be missing."
akita,秋田,2026,11,,2026-08-31,https://ckan.pref.akita.lg.jp/dataset/050008_shizenhogoka_003,"秋田県 クマダス (ツキノワグマ出没情報) open data, CC BY 4.0",CSV (CKAN open data),true,"bear_reports column of akita_monthly.csv = sightings + food-damage traces + other traces + injuries, the same 出没 series as the ministry's table (FY2025 total 13,592 in both). Month values copied from akita_monthly.csv; August's as_of equals the month end, so late-filed August reports may still be missing."
akita,秋田,2026,12,,2026-08-31,https://ckan.pref.akita.lg.jp/dataset/050008_shizenhogoka_003,"秋田県 クマダス (ツキノワグマ出没情報) open data, CC BY 4.0",CSV (CKAN open data),true,"bear_reports column of akita_monthly.csv = sightings + food-damage traces + other traces + injuries, the same 出没 series as the ministry's table (FY2025 total 13,592 in both). Month values copied from akita_monthly.csv; August's as_of equals the month end, so late-filed August reports may still be missing."
akita,秋田,2026,1,,2026-08-31,https://ckan.pref.akita.lg.jp/dataset/050008_shizenhogoka_003,"秋田県 クマダス (ツキノワグマ出没情報) open data, CC BY 4.0",CSV (CKAN open data),true,"bear_reports column of akita_monthly.csv = sightings + food-damage traces + other traces + injuries, the same 出没 series as the ministry's table (FY2025 total 13,592 in both). Month values copied from akita_monthly.csv; August's as_of equals the month end, so late-filed August reports may still be missing."
akita,秋田,2026,2,,2026-08-31,https://ckan.pref.akita.lg.jp/dataset/050008_shizenhogoka_003,"秋田県 クマダス (ツキノワグマ出没情報) open data, CC BY 4.0",CSV (CKAN open data),true,"bear_reports column of akita_monthly.csv = sightings + food-damage traces + other traces + injuries, the same 出没 series as the ministry's table (FY2025 total 13,592 in both). Month values copied from akita_monthly.csv; August's as_of equals the month end, so late-filed August reports may still be missing."
akita,秋田,2026,3,,2026-08-31,https://ckan.pref.akita.lg.jp/dataset/050008_shizenhogoka_003,"秋田県 クマダス (ツキノワグマ出没情報) open data, CC BY 4.0",CSV (CKAN open data),true,"bear_reports column of akita_monthly.csv = sightings + food-damage traces + other traces + injuries, the same 出没 series as the ministry's table (FY2025 total 13,592 in both). Month values copied from akita_monthly.csv; August's as_of equals the month end, so late-filed August reports may still be missing."
iwate,岩手,2026,4,376,2026-08-21,https://www.pref.iwate.jp/kurashikankyou/shizen/yasei/1049881/1056087.html,岩手県 ツキノワグマ出没状況,HTML/PDF monthly table,false,"Iwate changed to counting through the Bears app in April 2026; the prefecture says FY2026 differs in nature from earlier years, so FY2026 is not comparable with FY2025 (MoE's FY2025 row matches Iwate's own)."
iwate,岩手,2026,5,934,2026-08-21,https://www.pref.iwate.jp/kurashikankyou/shizen/yasei/1049881/1056087.html,岩手県 ツキノワグマ出没状況,HTML/PDF monthly table,false,"Iwate changed to counting through the Bears app in April 2026; the prefecture says FY2026 differs in nature from earlier years, so FY2026 is not comparable with FY2025 (MoE's FY2025 row matches Iwate's own)."
iwate,岩手,2026,6,1666,2026-08-21,https://www.pref.iwate.jp/kurashikankyou/shizen/yasei/1049881/1056087.html,岩手県 ツキノワグマ出没状況,HTML/PDF monthly table,false,"Iwate changed to counting through the Bears app in April 2026; the prefecture says FY2026 differs in nature from earlier years, so FY2026 is not comparable with FY2025 (MoE's FY2025 row matches Iwate's own)."
iwate,岩手,2026,7,1326,2026-08-21,https://www.pref.iwate.jp/kurashikankyou/shizen/yasei/1049881/1056087.html,岩手県 ツキノワグマ出没状況,HTML/PDF monthly table,false,"Iwate changed to counting through the Bears app in April 2026; the prefecture says FY2026 differs in nature from earlier years, so FY2026 is not comparable with FY2025 (MoE's FY2025 row matches Iwate's own)."
iwate,岩手,2026,8,,2026-08-21,https://www.pref.iwate.jp/kurashikankyou/shizen/yasei/1049881/1056087.html,岩手県 ツキノワグマ出没状況,HTML/PDF monthly table,false,"Iwate changed to counting through the Bears app in April 2026; the prefecture says FY2026 differs in nature from earlier years, so FY2026 is not comparable with FY2025 (MoE's FY2025 row matches Iwate's own)."
iwate,岩手,2026,9,,2026-08-21,https://www.pref.iwate.jp/kurashikankyou/shizen/yasei/1049881/1056087.html,岩手県 ツキノワグマ出没状況,HTML/PDF monthly table,false,"Iwate changed to counting through the Bears app in April 2026; the prefecture says FY2026 differs in nature from earlier years, so FY2026 is not comparable with FY2025 (MoE's FY2025 row matches Iwate's own)."
iwate,岩手,2026,10,,2026-08-21,https://www.pref.iwate.jp/kurashikankyou/shizen/yasei/1049881/1056087.html,岩手県 ツキノワグマ出没状況,HTML/PDF monthly table,false,"Iwate changed to counting through the Bears app in April 2026; the prefecture says FY2026 differs in nature from earlier years, so FY2026 is not comparable with FY2025 (MoE's FY2025 row matches Iwate's own)."
iwate,岩手,2026,11,,2026-08-21,https://www.pref.iwate.jp/kurashikankyou/shizen/yasei/1049881/1056087.html,岩手県 ツキノワグマ出没状況,HTML/PDF monthly table,false,"Iwate changed to counting through the Bears app in April 2026; the prefecture says FY2026 differs in nature from earlier years, so FY2026 is not comparable with FY2025 (MoE's FY2025 row matches Iwate's own)."
iwate,岩手,2026,12,,2026-08-21,https://www.pref.iwate.jp/kurashikankyou/shizen/yasei/1049881/1056087.html,岩手県 ツキノワグマ出没状況,HTML/PDF monthly table,false,"Iwate changed to counting through the Bears app in April 2026; the prefecture says FY2026 differs in nature from earlier years, so FY2026 is not comparable with FY2025 (MoE's FY2025 row matches Iwate's own)."
iwate,岩手,2026,1,,2026-08-21,https://www.pref.iwate.jp/kurashikankyou/shizen/yasei/1049881/1056087.html,岩手県 ツキノワグマ出没状況,HTML/PDF monthly table,false,"Iwate changed to counting through the Bears app in April 2026; the prefecture says FY2026 differs in nature from earlier years, so FY2026 is not comparable with FY2025 (MoE's FY2025 row matches Iwate's own)."
iwate,岩手,2026,2,,2026-08-21,https://www.pref.iwate.jp/kurashikankyou/shizen/yasei/1049881/1056087.html,岩手県 ツキノワグマ出没状況,HTML/PDF monthly table,false,"Iwate changed to counting through the Bears app in April 2026; the prefecture says FY2026 differs in nature from earlier years, so FY2026 is not comparable with FY2025 (MoE's FY2025 row matches Iwate's own)."
iwate,岩手,2026,3,,2026-08-21,https://www.pref.iwate.jp/kurashikankyou/shizen/yasei/1049881/1056087.html,岩手県 ツキノワグマ出没状況,HTML/PDF monthly table,false,"Iwate changed to counting through the Bears app in April 2026; the prefecture says FY2026 differs in nature from earlier years, so FY2026 is not comparable with FY2025 (MoE's FY2025 row matches Iwate's own)."
miyagi,宮城,2026,4,141,2026-09-02,https://www.pref.miyagi.jp/soshiki/sizenhogo/r8kumamokugeki.html,宮城県 令和8年度クマ目撃等情報,HTML monthly table,true,"Same series as the ministry's table for FY2025 (3,559 total). The page prints 0 for every month not yet reached (September to March as of 2026-09-02); those are stored here as blank, not zero."
miyagi,宮城,2026,5,318,2026-09-02,https://www.pref.miyagi.jp/soshiki/sizenhogo/r8kumamokugeki.html,宮城県 令和8年度クマ目撃等情報,HTML monthly table,true,"Same series as the ministry's table for FY2025 (3,559 total). The page prints 0 for every month not yet reached (September to March as of 2026-09-02); those are stored here as blank, not zero."
miyagi,宮城,2026,6,347,2026-09-02,https://www.pref.miyagi.jp/soshiki/sizenhogo/r8kumamokugeki.html,宮城県 令和8年度クマ目撃等情報,HTML monthly table,true,"Same series as the ministry's table for FY2025 (3,559 total). The page prints 0 for every month not yet reached (September to March as of 2026-09-02); those are stored here as blank, not zero."
miyagi,宮城,2026,7,222,2026-09-02,https://www.pref.miyagi.jp/soshiki/sizenhogo/r8kumamokugeki.html,宮城県 令和8年度クマ目撃等情報,HTML monthly table,true,"Same series as the ministry's table for FY2025 (3,559 total). The page prints 0 for every month not yet reached (September to March as of 2026-09-02); those are stored here as blank, not zero."
miyagi,宮城,2026,8,132,2026-09-02,https://www.pref.miyagi.jp/soshiki/sizenhogo/r8kumamokugeki.html,宮城県 令和8年度クマ目撃等情報,HTML monthly table,true,"Same series as the ministry's table for FY2025 (3,559 total). The page prints 0 for every month not yet reached (September to March as of 2026-09-02); those are stored here as blank, not zero."
miyagi,宮城,2026,9,,2026-09-02,https://www.pref.miyagi.jp/soshiki/sizenhogo/r8kumamokugeki.html,宮城県 令和8年度クマ目撃等情報,HTML monthly table,true,"Same series as the ministry's table for FY2025 (3,559 total). The page prints 0 for every month not yet reached (September to March as of 2026-09-02); those are stored here as blank, not zero."
miyagi,宮城,2026,10,,2026-09-02,https://www.pref.miyagi.jp/soshiki/sizenhogo/r8kumamokugeki.html,宮城県 令和8年度クマ目撃等情報,HTML monthly table,true,"Same series as the ministry's table for FY2025 (3,559 total). The page prints 0 for every month not yet reached (September to March as of 2026-09-02); those are stored here as blank, not zero."
miyagi,宮城,2026,11,,2026-09-02,https://www.pref.miyagi.jp/soshiki/sizenhogo/r8kumamokugeki.html,宮城県 令和8年度クマ目撃等情報,HTML monthly table,true,"Same series as the ministry's table for FY2025 (3,559 total). The page prints 0 for every month not yet reached (September to March as of 2026-09-02); those are stored here as blank, not zero."
miyagi,宮城,2026,12,,2026-09-02,https://www.pref.miyagi.jp/soshiki/sizenhogo/r8kumamokugeki.html,宮城県 令和8年度クマ目撃等情報,HTML monthly table,true,"Same series as the ministry's table for FY2025 (3,559 total). The page prints 0 for every month not yet reached (September to March as of 2026-09-02); those are stored here as blank, not zero."
miyagi,宮城,2026,1,,2026-09-02,https://www.pref.miyagi.jp/soshiki/sizenhogo/r8kumamokugeki.html,宮城県 令和8年度クマ目撃等情報,HTML monthly table,true,"Same series as the ministry's table for FY2025 (3,559 total). The page prints 0 for every month not yet reached (September to March as of 2026-09-02); those are stored here as blank, not zero."
miyagi,宮城,2026,2,,2026-09-02,https://www.pref.miyagi.jp/soshiki/sizenhogo/r8kumamokugeki.html,宮城県 令和8年度クマ目撃等情報,HTML monthly table,true,"Same series as the ministry's table for FY2025 (3,559 total). The page prints 0 for every month not yet reached (September to March as of 2026-09-02); those are stored here as blank, not zero."
miyagi,宮城,2026,3,,2026-09-02,https://www.pref.miyagi.jp/soshiki/sizenhogo/r8kumamokugeki.html,宮城県 令和8年度クマ目撃等情報,HTML monthly table,true,"Same series as the ministry's table for FY2025 (3,559 total). The page prints 0 for every month not yet reached (September to March as of 2026-09-02); those are stored here as blank, not zero."
yamagata,山形,2026,4,56,2026-08-30,https://www.pref.yamagata.jp/documents/2414/080830_tsukibetsu.pdf,ツキノワグマ月別目撃件数（山形県、8.30現在）,PDF,true,"Prefecture-wide 目撃 (visual sighting) counts, Table 1 令和8年 column; footnote excludes human-injury cases and track/trace-only reports. September blank in the source (cumulative unchanged at 869). FY2025 Apr-Sep on the same page (35,134,278,351,277,375) equals the MoE FY2025 row. The source's own summary box says 8月累計 R7=267 while its table cell reads 277; the table value is the one MoE carries."
yamagata,山形,2026,5,169,2026-08-30,https://www.pref.yamagata.jp/documents/2414/080830_tsukibetsu.pdf,ツキノワグマ月別目撃件数（山形県、8.30現在）,PDF,true,"Prefecture-wide 目撃 (visual sighting) counts, Table 1 令和8年 column; footnote excludes human-injury cases and track/trace-only reports. September blank in the source (cumulative unchanged at 869). FY2025 Apr-Sep on the same page (35,134,278,351,277,375) equals the MoE FY2025 row. The source's own summary box says 8月累計 R7=267 while its table cell reads 277; the table value is the one MoE carries."
yamagata,山形,2026,6,298,2026-08-30,https://www.pref.yamagata.jp/documents/2414/080830_tsukibetsu.pdf,ツキノワグマ月別目撃件数（山形県、8.30現在）,PDF,true,"Prefecture-wide 目撃 (visual sighting) counts, Table 1 令和8年 column; footnote excludes human-injury cases and track/trace-only reports. September blank in the source (cumulative unchanged at 869). FY2025 Apr-Sep on the same page (35,134,278,351,277,375) equals the MoE FY2025 row. The source's own summary box says 8月累計 R7=267 while its table cell reads 277; the table value is the one MoE carries."
yamagata,山形,2026,7,195,2026-08-30,https://www.pref.yamagata.jp/documents/2414/080830_tsukibetsu.pdf,ツキノワグマ月別目撃件数（山形県、8.30現在）,PDF,true,"Prefecture-wide 目撃 (visual sighting) counts, Table 1 令和8年 column; footnote excludes human-injury cases and track/trace-only reports. September blank in the source (cumulative unchanged at 869). FY2025 Apr-Sep on the same page (35,134,278,351,277,375) equals the MoE FY2025 row. The source's own summary box says 8月累計 R7=267 while its table cell reads 277; the table value is the one MoE carries."
yamagata,山形,2026,8,87,2026-08-30,https://www.pref.yamagata.jp/documents/2414/080830_tsukibetsu.pdf,ツキノワグマ月別目撃件数（山形県、8.30現在）,PDF,true,"Prefecture-wide 目撃 (visual sighting) counts, Table 1 令和8年 column; footnote excludes human-injury cases and track/trace-only reports. September blank in the source (cumulative unchanged at 869). FY2025 Apr-Sep on the same page (35,134,278,351,277,375) equals the MoE FY2025 row. The source's own summary box says 8月累計 R7=267 while its table cell reads 277; the table value is the one MoE carries."
yamagata,山形,2026,9,,2026-08-30,https://www.pref.yamagata.jp/documents/2414/080830_tsukibetsu.pdf,ツキノワグマ月別目撃件数（山形県、8.30現在）,PDF,true,"Prefecture-wide 目撃 (visual sighting) counts, Table 1 令和8年 column; footnote excludes human-injury cases and track/trace-only reports. September blank in the source (cumulative unchanged at 869). FY2025 Apr-Sep on the same page (35,134,278,351,277,375) equals the MoE FY2025 row. The source's own summary box says 8月累計 R7=267 while its table cell reads 277; the table value is the one MoE carries."
yamagata,山形,2026,10,,2026-08-30,https://www.pref.yamagata.jp/documents/2414/080830_tsukibetsu.pdf,ツキノワグマ月別目撃件数（山形県、8.30現在）,PDF,true,"Prefecture-wide 目撃 (visual sighting) counts, Table 1 令和8年 column; footnote excludes human-injury cases and track/trace-only reports. September blank in the source (cumulative unchanged at 869). FY2025 Apr-Sep on the same page (35,134,278,351,277,375) equals the MoE FY2025 row. The source's own summary box says 8月累計 R7=267 while its table cell reads 277; the table value is the one MoE carries."
yamagata,山形,2026,11,,2026-08-30,https://www.pref.yamagata.jp/documents/2414/080830_tsukibetsu.pdf,ツキノワグマ月別目撃件数（山形県、8.30現在）,PDF,true,"Prefecture-wide 目撃 (visual sighting) counts, Table 1 令和8年 column; footnote excludes human-injury cases and track/trace-only reports. September blank in the source (cumulative unchanged at 869). FY2025 Apr-Sep on the same page (35,134,278,351,277,375) equals the MoE FY2025 row. The source's own summary box says 8月累計 R7=267 while its table cell reads 277; the table value is the one MoE carries."
yamagata,山形,2026,12,,2026-08-30,https://www.pref.yamagata.jp/documents/2414/080830_tsukibetsu.pdf,ツキノワグマ月別目撃件数（山形県、8.30現在）,PDF,true,"Prefecture-wide 目撃 (visual sighting) counts, Table 1 令和8年 column; footnote excludes human-injury cases and track/trace-only reports. September blank in the source (cumulative unchanged at 869). FY2025 Apr-Sep on the same page (35,134,278,351,277,375) equals the MoE FY2025 row. The source's own summary box says 8月累計 R7=267 while its table cell reads 277; the table value is the one MoE carries."
yamagata,山形,2026,1,,2026-08-30,https://www.pref.yamagata.jp/documents/2414/080830_tsukibetsu.pdf,ツキノワグマ月別目撃件数（山形県、8.30現在）,PDF,true,"Prefecture-wide 目撃 (visual sighting) counts, Table 1 令和8年 column; footnote excludes human-injury cases and track/trace-only reports. September blank in the source (cumulative unchanged at 869). FY2025 Apr-Sep on the same page (35,134,278,351,277,375) equals the MoE FY2025 row. The source's own summary box says 8月累計 R7=267 while its table cell reads 277; the table value is the one MoE carries."
yamagata,山形,2026,2,,2026-08-30,https://www.pref.yamagata.jp/documents/2414/080830_tsukibetsu.pdf,ツキノワグマ月別目撃件数（山形県、8.30現在）,PDF,true,"Prefecture-wide 目撃 (visual sighting) counts, Table 1 令和8年 column; footnote excludes human-injury cases and track/trace-only reports. September blank in the source (cumulative unchanged at 869). FY2025 Apr-Sep on the same page (35,134,278,351,277,375) equals the MoE FY2025 row. The source's own summary box says 8月累計 R7=267 while its table cell reads 277; the table value is the one MoE carries."
yamagata,山形,2026,3,,2026-08-30,https://www.pref.yamagata.jp/documents/2414/080830_tsukibetsu.pdf,ツキノワグマ月別目撃件数（山形県、8.30現在）,PDF,true,"Prefecture-wide 目撃 (visual sighting) counts, Table 1 令和8年 column; footnote excludes human-injury cases and track/trace-only reports. September blank in the source (cumulative unchanged at 869). FY2025 Apr-Sep on the same page (35,134,278,351,277,375) equals the MoE FY2025 row. The source's own summary box says 8月累計 R7=267 while its table cell reads 277; the table value is the one MoE carries."
fukushima,福島,2026,4,112,2026-07-28,https://www.pref.fukushima.lg.jp/sec/16035b/tukinowaguma-mokugeki.html,"福島県クマ目撃マップ (Excel 市町村別集計 758443.xlsx, sheet R0８情報提供資料)",Excel,true,"Labelled クマ目撃件数 but the underlying police log mixes 目撃, 交通事故, 足跡等痕跡, 傷害, 列車事故 and their sum reproduces the monthly totals, i.e. an all-incident count; same method in FY2025, whose row (29,93,172,188,179,187,...,2047) equals the MoE FY2025 row exactly. July covers only 1-15 July (published 2026-07-28), so July is incomplete."
fukushima,福島,2026,5,192,2026-07-28,https://www.pref.fukushima.lg.jp/sec/16035b/tukinowaguma-mokugeki.html,"福島県クマ目撃マップ (Excel 市町村別集計 758443.xlsx, sheet R0８情報提供資料)",Excel,true,"Labelled クマ目撃件数 but the underlying police log mixes 目撃, 交通事故, 足跡等痕跡, 傷害, 列車事故 and their sum reproduces the monthly totals, i.e. an all-incident count; same method in FY2025, whose row (29,93,172,188,179,187,...,2047) equals the MoE FY2025 row exactly. July covers only 1-15 July (published 2026-07-28), so July is incomplete."
fukushima,福島,2026,6,285,2026-07-28,https://www.pref.fukushima.lg.jp/sec/16035b/tukinowaguma-mokugeki.html,"福島県クマ目撃マップ (Excel 市町村別集計 758443.xlsx, sheet R0８情報提供資料)",Excel,true,"Labelled クマ目撃件数 but the underlying police log mixes 目撃, 交通事故, 足跡等痕跡, 傷害, 列車事故 and their sum reproduces the monthly totals, i.e. an all-incident count; same method in FY2025, whose row (29,93,172,188,179,187,...,2047) equals the MoE FY2025 row exactly. July covers only 1-15 July (published 2026-07-28), so July is incomplete."
fukushima,福島,2026,7,74,2026-07-28,https://www.pref.fukushima.lg.jp/sec/16035b/tukinowaguma-mokugeki.html,"福島県クマ目撃マップ (Excel 市町村別集計 758443.xlsx, sheet R0８情報提供資料)",Excel,true,"Labelled クマ目撃件数 but the underlying police log mixes 目撃, 交通事故, 足跡等痕跡, 傷害, 列車事故 and their sum reproduces the monthly totals, i.e. an all-incident count; same method in FY2025, whose row (29,93,172,188,179,187,...,2047) equals the MoE FY2025 row exactly. July covers only 1-15 July (published 2026-07-28), so July is incomplete."
fukushima,福島,2026,8,,2026-07-28,https://www.pref.fukushima.lg.jp/sec/16035b/tukinowaguma-mokugeki.html,"福島県クマ目撃マップ (Excel 市町村別集計 758443.xlsx, sheet R0８情報提供資料)",Excel,true,"Labelled クマ目撃件数 but the underlying police log mixes 目撃, 交通事故, 足跡等痕跡, 傷害, 列車事故 and their sum reproduces the monthly totals, i.e. an all-incident count; same method in FY2025, whose row (29,93,172,188,179,187,...,2047) equals the MoE FY2025 row exactly. July covers only 1-15 July (published 2026-07-28), so July is incomplete."
fukushima,福島,2026,9,,2026-07-28,https://www.pref.fukushima.lg.jp/sec/16035b/tukinowaguma-mokugeki.html,"福島県クマ目撃マップ (Excel 市町村別集計 758443.xlsx, sheet R0８情報提供資料)",Excel,true,"Labelled クマ目撃件数 but the underlying police log mixes 目撃, 交通事故, 足跡等痕跡, 傷害, 列車事故 and their sum reproduces the monthly totals, i.e. an all-incident count; same method in FY2025, whose row (29,93,172,188,179,187,...,2047) equals the MoE FY2025 row exactly. July covers only 1-15 July (published 2026-07-28), so July is incomplete."
fukushima,福島,2026,10,,2026-07-28,https://www.pref.fukushima.lg.jp/sec/16035b/tukinowaguma-mokugeki.html,"福島県クマ目撃マップ (Excel 市町村別集計 758443.xlsx, sheet R0８情報提供資料)",Excel,true,"Labelled クマ目撃件数 but the underlying police log mixes 目撃, 交通事故, 足跡等痕跡, 傷害, 列車事故 and their sum reproduces the monthly totals, i.e. an all-incident count; same method in FY2025, whose row (29,93,172,188,179,187,...,2047) equals the MoE FY2025 row exactly. July covers only 1-15 July (published 2026-07-28), so July is incomplete."
fukushima,福島,2026,11,,2026-07-28,https://www.pref.fukushima.lg.jp/sec/16035b/tukinowaguma-mokugeki.html,"福島県クマ目撃マップ (Excel 市町村別集計 758443.xlsx, sheet R0８情報提供資料)",Excel,true,"Labelled クマ目撃件数 but the underlying police log mixes 目撃, 交通事故, 足跡等痕跡, 傷害, 列車事故 and their sum reproduces the monthly totals, i.e. an all-incident count; same method in FY2025, whose row (29,93,172,188,179,187,...,2047) equals the MoE FY2025 row exactly. July covers only 1-15 July (published 2026-07-28), so July is incomplete."
fukushima,福島,2026,12,,2026-07-28,https://www.pref.fukushima.lg.jp/sec/16035b/tukinowaguma-mokugeki.html,"福島県クマ目撃マップ (Excel 市町村別集計 758443.xlsx, sheet R0８情報提供資料)",Excel,true,"Labelled クマ目撃件数 but the underlying police log mixes 目撃, 交通事故, 足跡等痕跡, 傷害, 列車事故 and their sum reproduces the monthly totals, i.e. an all-incident count; same method in FY2025, whose row (29,93,172,188,179,187,...,2047) equals the MoE FY2025 row exactly. July covers only 1-15 July (published 2026-07-28), so July is incomplete."
fukushima,福島,2026,1,,2026-07-28,https://www.pref.fukushima.lg.jp/sec/16035b/tukinowaguma-mokugeki.html,"福島県クマ目撃マップ (Excel 市町村別集計 758443.xlsx, sheet R0８情報提供資料)",Excel,true,"Labelled クマ目撃件数 but the underlying police log mixes 目撃, 交通事故, 足跡等痕跡, 傷害, 列車事故 and their sum reproduces the monthly totals, i.e. an all-incident count; same method in FY2025, whose row (29,93,172,188,179,187,...,2047) equals the MoE FY2025 row exactly. July covers only 1-15 July (published 2026-07-28), so July is incomplete."
fukushima,福島,2026,2,,2026-07-28,https://www.pref.fukushima.lg.jp/sec/16035b/tukinowaguma-mokugeki.html,"福島県クマ目撃マップ (Excel 市町村別集計 758443.xlsx, sheet R0８情報提供資料)",Excel,true,"Labelled クマ目撃件数 but the underlying police log mixes 目撃, 交通事故, 足跡等痕跡, 傷害, 列車事故 and their sum reproduces the monthly totals, i.e. an all-incident count; same method in FY2025, whose row (29,93,172,188,179,187,...,2047) equals the MoE FY2025 row exactly. July covers only 1-15 July (published 2026-07-28), so July is incomplete."
fukushima,福島,2026,3,,2026-07-28,https://www.pref.fukushima.lg.jp/sec/16035b/tukinowaguma-mokugeki.html,"福島県クマ目撃マップ (Excel 市町村別集計 758443.xlsx, sheet R0８情報提供資料)",Excel,true,"Labelled クマ目撃件数 but the underlying police log mixes 目撃, 交通事故, 足跡等痕跡, 傷害, 列車事故 and their sum reproduces the monthly totals, i.e. an all-incident count; same method in FY2025, whose row (29,93,172,188,179,187,...,2047) equals the MoE FY2025 row exactly. July covers only 1-15 July (published 2026-07-28), so July is incomplete."
niigata,新潟,2026,4,67,2026-09-05,https://services6.arcgis.com/SKz58fvdFlaEB35q/arcgis/rest/services/survey123_08d14b98657b47309b868f49602375c8_results/FeatureServer/0/query,にいがたクマ出没マップ (ArcGIS FeatureServer behind the 新潟県 ツキノワグマ出没情報 page); FY2025 check: suii_496555.pdf,"ArcGIS FeatureServer (JSON, queried 2026-09-05)",true,"Records tagged 目撃 / 痕跡 / 人身 summed together (FY2026 to date 554+78+2=634). Day-by-day re-aggregation of FY2025 reproduces the prefecture PDF's R7 row and the MoE FY2025 row exactly (27,151,214,246,180,435,...,3528). MoE's own FY2026 June cell (213) is two records behind the live feed (215)."
niigata,新潟,2026,5,159,2026-09-05,https://services6.arcgis.com/SKz58fvdFlaEB35q/arcgis/rest/services/survey123_08d14b98657b47309b868f49602375c8_results/FeatureServer/0/query,にいがたクマ出没マップ (ArcGIS FeatureServer behind the 新潟県 ツキノワグマ出没情報 page); FY2025 check: suii_496555.pdf,"ArcGIS FeatureServer (JSON, queried 2026-09-05)",true,"Records tagged 目撃 / 痕跡 / 人身 summed together (FY2026 to date 554+78+2=634). Day-by-day re-aggregation of FY2025 reproduces the prefecture PDF's R7 row and the MoE FY2025 row exactly (27,151,214,246,180,435,...,3528). MoE's own FY2026 June cell (213) is two records behind the live feed (215)."
niigata,新潟,2026,6,215,2026-09-05,https://services6.arcgis.com/SKz58fvdFlaEB35q/arcgis/rest/services/survey123_08d14b98657b47309b868f49602375c8_results/FeatureServer/0/query,にいがたクマ出没マップ (ArcGIS FeatureServer behind the 新潟県 ツキノワグマ出没情報 page); FY2025 check: suii_496555.pdf,"ArcGIS FeatureServer (JSON, queried 2026-09-05)",true,"Records tagged 目撃 / 痕跡 / 人身 summed together (FY2026 to date 554+78+2=634). Day-by-day re-aggregation of FY2025 reproduces the prefecture PDF's R7 row and the MoE FY2025 row exactly (27,151,214,246,180,435,...,3528). MoE's own FY2026 June cell (213) is two records behind the live feed (215)."
niigata,新潟,2026,7,147,2026-09-05,https://services6.arcgis.com/SKz58fvdFlaEB35q/arcgis/rest/services/survey123_08d14b98657b47309b868f49602375c8_results/FeatureServer/0/query,にいがたクマ出没マップ (ArcGIS FeatureServer behind the 新潟県 ツキノワグマ出没情報 page); FY2025 check: suii_496555.pdf,"ArcGIS FeatureServer (JSON, queried 2026-09-05)",true,"Records tagged 目撃 / 痕跡 / 人身 summed together (FY2026 to date 554+78+2=634). Day-by-day re-aggregation of FY2025 reproduces the prefecture PDF's R7 row and the MoE FY2025 row exactly (27,151,214,246,180,435,...,3528). MoE's own FY2026 June cell (213) is two records behind the live feed (215)."
niigata,新潟,2026,8,43,2026-09-05,https://services6.arcgis.com/SKz58fvdFlaEB35q/arcgis/rest/services/survey123_08d14b98657b47309b868f49602375c8_results/FeatureServer/0/query,にいがたクマ出没マップ (ArcGIS FeatureServer behind the 新潟県 ツキノワグマ出没情報 page); FY2025 check: suii_496555.pdf,"ArcGIS FeatureServer (JSON, queried 2026-09-05)",true,"Records tagged 目撃 / 痕跡 / 人身 summed together (FY2026 to date 554+78+2=634). Day-by-day re-aggregation of FY2025 reproduces the prefecture PDF's R7 row and the MoE FY2025 row exactly (27,151,214,246,180,435,...,3528). MoE's own FY2026 June cell (213) is two records behind the live feed (215)."
niigata,新潟,2026,9,3,2026-09-05,https://services6.arcgis.com/SKz58fvdFlaEB35q/arcgis/rest/services/survey123_08d14b98657b47309b868f49602375c8_results/FeatureServer/0/query,にいがたクマ出没マップ (ArcGIS FeatureServer behind the 新潟県 ツキノワグマ出没情報 page); FY2025 check: suii_496555.pdf,"ArcGIS FeatureServer (JSON, queried 2026-09-05)",true,"Records tagged 目撃 / 痕跡 / 人身 summed together (FY2026 to date 554+78+2=634). Day-by-day re-aggregation of FY2025 reproduces the prefecture PDF's R7 row and the MoE FY2025 row exactly (27,151,214,246,180,435,...,3528). MoE's own FY2026 June cell (213) is two records behind the live feed (215)."
niigata,新潟,2026,10,,2026-09-05,https://services6.arcgis.com/SKz58fvdFlaEB35q/arcgis/rest/services/survey123_08d14b98657b47309b868f49602375c8_results/FeatureServer/0/query,にいがたクマ出没マップ (ArcGIS FeatureServer behind the 新潟県 ツキノワグマ出没情報 page); FY2025 check: suii_496555.pdf,"ArcGIS FeatureServer (JSON, queried 2026-09-05)",true,"Records tagged 目撃 / 痕跡 / 人身 summed together (FY2026 to date 554+78+2=634). Day-by-day re-aggregation of FY2025 reproduces the prefecture PDF's R7 row and the MoE FY2025 row exactly (27,151,214,246,180,435,...,3528). MoE's own FY2026 June cell (213) is two records behind the live feed (215)."
niigata,新潟,2026,11,,2026-09-05,https://services6.arcgis.com/SKz58fvdFlaEB35q/arcgis/rest/services/survey123_08d14b98657b47309b868f49602375c8_results/FeatureServer/0/query,にいがたクマ出没マップ (ArcGIS FeatureServer behind the 新潟県 ツキノワグマ出没情報 page); FY2025 check: suii_496555.pdf,"ArcGIS FeatureServer (JSON, queried 2026-09-05)",true,"Records tagged 目撃 / 痕跡 / 人身 summed together (FY2026 to date 554+78+2=634). Day-by-day re-aggregation of FY2025 reproduces the prefecture PDF's R7 row and the MoE FY2025 row exactly (27,151,214,246,180,435,...,3528). MoE's own FY2026 June cell (213) is two records behind the live feed (215)."
niigata,新潟,2026,12,,2026-09-05,https://services6.arcgis.com/SKz58fvdFlaEB35q/arcgis/rest/services/survey123_08d14b98657b47309b868f49602375c8_results/FeatureServer/0/query,にいがたクマ出没マップ (ArcGIS FeatureServer behind the 新潟県 ツキノワグマ出没情報 page); FY2025 check: suii_496555.pdf,"ArcGIS FeatureServer (JSON, queried 2026-09-05)",true,"Records tagged 目撃 / 痕跡 / 人身 summed together (FY2026 to date 554+78+2=634). Day-by-day re-aggregation of FY2025 reproduces the prefecture PDF's R7 row and the MoE FY2025 row exactly (27,151,214,246,180,435,...,3528). MoE's own FY2026 June cell (213) is two records behind the live feed (215)."
niigata,新潟,2026,1,,2026-09-05,https://services6.arcgis.com/SKz58fvdFlaEB35q/arcgis/rest/services/survey123_08d14b98657b47309b868f49602375c8_results/FeatureServer/0/query,にいがたクマ出没マップ (ArcGIS FeatureServer behind the 新潟県 ツキノワグマ出没情報 page); FY2025 check: suii_496555.pdf,"ArcGIS FeatureServer (JSON, queried 2026-09-05)",true,"Records tagged 目撃 / 痕跡 / 人身 summed together (FY2026 to date 554+78+2=634). Day-by-day re-aggregation of FY2025 reproduces the prefecture PDF's R7 row and the MoE FY2025 row exactly (27,151,214,246,180,435,...,3528). MoE's own FY2026 June cell (213) is two records behind the live feed (215)."
niigata,新潟,2026,2,,2026-09-05,https://services6.arcgis.com/SKz58fvdFlaEB35q/arcgis/rest/services/survey123_08d14b98657b47309b868f49602375c8_results/FeatureServer/0/query,にいがたクマ出没マップ (ArcGIS FeatureServer behind the 新潟県 ツキノワグマ出没情報 page); FY2025 check: suii_496555.pdf,"ArcGIS FeatureServer (JSON, queried 2026-09-05)",true,"Records tagged 目撃 / 痕跡 / 人身 summed together (FY2026 to date 554+78+2=634). Day-by-day re-aggregation of FY2025 reproduces the prefecture PDF's R7 row and the MoE FY2025 row exactly (27,151,214,246,180,435,...,3528). MoE's own FY2026 June cell (213) is two records behind the live feed (215)."
niigata,新潟,2026,3,,2026-09-05,https://services6.arcgis.com/SKz58fvdFlaEB35q/arcgis/rest/services/survey123_08d14b98657b47309b868f49602375c8_results/FeatureServer/0/query,にいがたクマ出没マップ (ArcGIS FeatureServer behind the 新潟県 ツキノワグマ出没情報 page); FY2025 check: suii_496555.pdf,"ArcGIS FeatureServer (JSON, queried 2026-09-05)",true,"Records tagged 目撃 / 痕跡 / 人身 summed together (FY2026 to date 554+78+2=634). Day-by-day re-aggregation of FY2025 reproduces the prefecture PDF's R7 row and the MoE FY2025 row exactly (27,151,214,246,180,435,...,3528). MoE's own FY2026 June cell (213) is two records behind the live feed (215)."
gunma,群馬,2026,4,29,2026-08-19,https://www.pref.gunma.jp/page/7141.html,クマの目撃・出没情報、人身被害情報（群馬県）,HTML table,true,"県内のクマの目撃・出没件数 in human living areas, 令和8年度 row; 人身被害 tracked in a separate table. FY2025 row (20,52,103,109,109,117,519,289,57,13,5,5 = 1,398) equals the MoE FY2025 row. MoE's FY2026 June cell (231) differs from the prefecture page's 215; the prefecture page is used here."
gunma,群馬,2026,5,113,2026-08-19,https://www.pref.gunma.jp/page/7141.html,クマの目撃・出没情報、人身被害情報（群馬県）,HTML table,true,"県内のクマの目撃・出没件数 in human living areas, 令和8年度 row; 人身被害 tracked in a separate table. FY2025 row (20,52,103,109,109,117,519,289,57,13,5,5 = 1,398) equals the MoE FY2025 row. MoE's FY2026 June cell (231) differs from the prefecture page's 215; the prefecture page is used here."
gunma,群馬,2026,6,215,2026-08-19,https://www.pref.gunma.jp/page/7141.html,クマの目撃・出没情報、人身被害情報（群馬県）,HTML table,true,"県内のクマの目撃・出没件数 in human living areas, 令和8年度 row; 人身被害 tracked in a separate table. FY2025 row (20,52,103,109,109,117,519,289,57,13,5,5 = 1,398) equals the MoE FY2025 row. MoE's FY2026 June cell (231) differs from the prefecture page's 215; the prefecture page is used here."
gunma,群馬,2026,7,171,2026-08-19,https://www.pref.gunma.jp/page/7141.html,クマの目撃・出没情報、人身被害情報（群馬県）,HTML table,true,"県内のクマの目撃・出没件数 in human living areas, 令和8年度 row; 人身被害 tracked in a separate table. FY2025 row (20,52,103,109,109,117,519,289,57,13,5,5 = 1,398) equals the MoE FY2025 row. MoE's FY2026 June cell (231) differs from the prefecture page's 215; the prefecture page is used here."
gunma,群馬,2026,8,,2026-08-19,https://www.pref.gunma.jp/page/7141.html,クマの目撃・出没情報、人身被害情報（群馬県）,HTML table,true,"県内のクマの目撃・出没件数 in human living areas, 令和8年度 row; 人身被害 tracked in a separate table. FY2025 row (20,52,103,109,109,117,519,289,57,13,5,5 = 1,398) equals the MoE FY2025 row. MoE's FY2026 June cell (231) differs from the prefecture page's 215; the prefecture page is used here."
gunma,群馬,2026,9,,2026-08-19,https://www.pref.gunma.jp/page/7141.html,クマの目撃・出没情報、人身被害情報（群馬県）,HTML table,true,"県内のクマの目撃・出没件数 in human living areas, 令和8年度 row; 人身被害 tracked in a separate table. FY2025 row (20,52,103,109,109,117,519,289,57,13,5,5 = 1,398) equals the MoE FY2025 row. MoE's FY2026 June cell (231) differs from the prefecture page's 215; the prefecture page is used here."
gunma,群馬,2026,10,,2026-08-19,https://www.pref.gunma.jp/page/7141.html,クマの目撃・出没情報、人身被害情報（群馬県）,HTML table,true,"県内のクマの目撃・出没件数 in human living areas, 令和8年度 row; 人身被害 tracked in a separate table. FY2025 row (20,52,103,109,109,117,519,289,57,13,5,5 = 1,398) equals the MoE FY2025 row. MoE's FY2026 June cell (231) differs from the prefecture page's 215; the prefecture page is used here."
gunma,群馬,2026,11,,2026-08-19,https://www.pref.gunma.jp/page/7141.html,クマの目撃・出没情報、人身被害情報（群馬県）,HTML table,true,"県内のクマの目撃・出没件数 in human living areas, 令和8年度 row; 人身被害 tracked in a separate table. FY2025 row (20,52,103,109,109,117,519,289,57,13,5,5 = 1,398) equals the MoE FY2025 row. MoE's FY2026 June cell (231) differs from the prefecture page's 215; the prefecture page is used here."
gunma,群馬,2026,12,,2026-08-19,https://www.pref.gunma.jp/page/7141.html,クマの目撃・出没情報、人身被害情報（群馬県）,HTML table,true,"県内のクマの目撃・出没件数 in human living areas, 令和8年度 row; 人身被害 tracked in a separate table. FY2025 row (20,52,103,109,109,117,519,289,57,13,5,5 = 1,398) equals the MoE FY2025 row. MoE's FY2026 June cell (231) differs from the prefecture page's 215; the prefecture page is used here."
gunma,群馬,2026,1,,2026-08-19,https://www.pref.gunma.jp/page/7141.html,クマの目撃・出没情報、人身被害情報（群馬県）,HTML table,true,"県内のクマの目撃・出没件数 in human living areas, 令和8年度 row; 人身被害 tracked in a separate table. FY2025 row (20,52,103,109,109,117,519,289,57,13,5,5 = 1,398) equals the MoE FY2025 row. MoE's FY2026 June cell (231) differs from the prefecture page's 215; the prefecture page is used here."
gunma,群馬,2026,2,,2026-08-19,https://www.pref.gunma.jp/page/7141.html,クマの目撃・出没情報、人身被害情報（群馬県）,HTML table,true,"県内のクマの目撃・出没件数 in human living areas, 令和8年度 row; 人身被害 tracked in a separate table. FY2025 row (20,52,103,109,109,117,519,289,57,13,5,5 = 1,398) equals the MoE FY2025 row. MoE's FY2026 June cell (231) differs from the prefecture page's 215; the prefecture page is used here."
gunma,群馬,2026,3,,2026-08-19,https://www.pref.gunma.jp/page/7141.html,クマの目撃・出没情報、人身被害情報（群馬県）,HTML table,true,"県内のクマの目撃・出没件数 in human living areas, 令和8年度 row; 人身被害 tracked in a separate table. FY2025 row (20,52,103,109,109,117,519,289,57,13,5,5 = 1,398) equals the MoE FY2025 row. MoE's FY2026 June cell (231) differs from the prefecture page's 215; the prefecture page is used here."
nagano,長野,2026,4,30,2026-09-04,https://www.pref.nagano.lg.jp/yasei/documents/903kuma.pdf,長野県のツキノワグマ目撃及び人身被害の状況（令和８年９月４日現在）,PDF,true,"人の生活圏でのツキノワグマの目撃件数の推移（速報値）: sightings in human living areas only, forest-interior sightings and 人身被害 excluded; forestry-department tally. FY2025 row equals the MoE FY2025 row (25,59,226,200,183,176,219,174,42,9,4,7)."
nagano,長野,2026,5,119,2026-09-04,https://www.pref.nagano.lg.jp/yasei/documents/903kuma.pdf,長野県のツキノワグマ目撃及び人身被害の状況（令和８年９月４日現在）,PDF,true,"人の生活圏でのツキノワグマの目撃件数の推移（速報値）: sightings in human living areas only, forest-interior sightings and 人身被害 excluded; forestry-department tally. FY2025 row equals the MoE FY2025 row (25,59,226,200,183,176,219,174,42,9,4,7)."
nagano,長野,2026,6,345,2026-09-04,https://www.pref.nagano.lg.jp/yasei/documents/903kuma.pdf,長野県のツキノワグマ目撃及び人身被害の状況（令和８年９月４日現在）,PDF,true,"人の生活圏でのツキノワグマの目撃件数の推移（速報値）: sightings in human living areas only, forest-interior sightings and 人身被害 excluded; forestry-department tally. FY2025 row equals the MoE FY2025 row (25,59,226,200,183,176,219,174,42,9,4,7)."
nagano,長野,2026,7,203,2026-09-04,https://www.pref.nagano.lg.jp/yasei/documents/903kuma.pdf,長野県のツキノワグマ目撃及び人身被害の状況（令和８年９月４日現在）,PDF,true,"人の生活圏でのツキノワグマの目撃件数の推移（速報値）: sightings in human living areas only, forest-interior sightings and 人身被害 excluded; forestry-department tally. FY2025 row equals the MoE FY2025 row (25,59,226,200,183,176,219,174,42,9,4,7)."
nagano,長野,2026,8,81,2026-09-04,https://www.pref.nagano.lg.jp/yasei/documents/903kuma.pdf,長野県のツキノワグマ目撃及び人身被害の状況（令和８年９月４日現在）,PDF,true,"人の生活圏でのツキノワグマの目撃件数の推移（速報値）: sightings in human living areas only, forest-interior sightings and 人身被害 excluded; forestry-department tally. FY2025 row equals the MoE FY2025 row (25,59,226,200,183,176,219,174,42,9,4,7)."
nagano,長野,2026,9,4,2026-09-04,https://www.pref.nagano.lg.jp/yasei/documents/903kuma.pdf,長野県のツキノワグマ目撃及び人身被害の状況（令和８年９月４日現在）,PDF,true,"人の生活圏でのツキノワグマの目撃件数の推移（速報値）: sightings in human living areas only, forest-interior sightings and 人身被害 excluded; forestry-department tally. FY2025 row equals the MoE FY2025 row (25,59,226,200,183,176,219,174,42,9,4,7)."
nagano,長野,2026,10,,2026-09-04,https://www.pref.nagano.lg.jp/yasei/documents/903kuma.pdf,長野県のツキノワグマ目撃及び人身被害の状況（令和８年９月４日現在）,PDF,true,"人の生活圏でのツキノワグマの目撃件数の推移（速報値）: sightings in human living areas only, forest-interior sightings and 人身被害 excluded; forestry-department tally. FY2025 row equals the MoE FY2025 row (25,59,226,200,183,176,219,174,42,9,4,7)."
nagano,長野,2026,11,,2026-09-04,https://www.pref.nagano.lg.jp/yasei/documents/903kuma.pdf,長野県のツキノワグマ目撃及び人身被害の状況（令和８年９月４日現在）,PDF,true,"人の生活圏でのツキノワグマの目撃件数の推移（速報値）: sightings in human living areas only, forest-interior sightings and 人身被害 excluded; forestry-department tally. FY2025 row equals the MoE FY2025 row (25,59,226,200,183,176,219,174,42,9,4,7)."
nagano,長野,2026,12,,2026-09-04,https://www.pref.nagano.lg.jp/yasei/documents/903kuma.pdf,長野県のツキノワグマ目撃及び人身被害の状況（令和８年９月４日現在）,PDF,true,"人の生活圏でのツキノワグマの目撃件数の推移（速報値）: sightings in human living areas only, forest-interior sightings and 人身被害 excluded; forestry-department tally. FY2025 row equals the MoE FY2025 row (25,59,226,200,183,176,219,174,42,9,4,7)."
nagano,長野,2026,1,,2026-09-04,https://www.pref.nagano.lg.jp/yasei/documents/903kuma.pdf,長野県のツキノワグマ目撃及び人身被害の状況（令和８年９月４日現在）,PDF,true,"人の生活圏でのツキノワグマの目撃件数の推移（速報値）: sightings in human living areas only, forest-interior sightings and 人身被害 excluded; forestry-department tally. FY2025 row equals the MoE FY2025 row (25,59,226,200,183,176,219,174,42,9,4,7)."
nagano,長野,2026,2,,2026-09-04,https://www.pref.nagano.lg.jp/yasei/documents/903kuma.pdf,長野県のツキノワグマ目撃及び人身被害の状況（令和８年９月４日現在）,PDF,true,"人の生活圏でのツキノワグマの目撃件数の推移（速報値）: sightings in human living areas only, forest-interior sightings and 人身被害 excluded; forestry-department tally. FY2025 row equals the MoE FY2025 row (25,59,226,200,183,176,219,174,42,9,4,7)."
nagano,長野,2026,3,,2026-09-04,https://www.pref.nagano.lg.jp/yasei/documents/903kuma.pdf,長野県のツキノワグマ目撃及び人身被害の状況（令和８年９月４日現在）,PDF,true,"人の生活圏でのツキノワグマの目撃件数の推移（速報値）: sightings in human living areas only, forest-interior sightings and 人身被害 excluded; forestry-department tally. FY2025 row equals the MoE FY2025 row (25,59,226,200,183,176,219,174,42,9,4,7)."
gifu,岐阜,2026,4,,2026-08-16,https://www.pref.gifu.lg.jp/page/4964.html,岐阜県に生息するクマ（ツキノワグマ）について（自然環境課）,cumulative only (one sentence on the page),false,"No monthly table. Page states 令和8年度の岐阜県内でのクマ目撃件数は、525件です（令和8年8月16日時点）: FY2026 cumulative 525 sightings (目撃 only, narrower than MoE's 出没 series) from 2026-04-01 to 2026-08-16. No FY2025 figure on the page, so comparability with MoE could not be checked."
gifu,岐阜,2026,5,,2026-08-16,https://www.pref.gifu.lg.jp/page/4964.html,岐阜県に生息するクマ（ツキノワグマ）について（自然環境課）,cumulative only (one sentence on the page),false,"No monthly table. Page states 令和8年度の岐阜県内でのクマ目撃件数は、525件です（令和8年8月16日時点）: FY2026 cumulative 525 sightings (目撃 only, narrower than MoE's 出没 series) from 2026-04-01 to 2026-08-16. No FY2025 figure on the page, so comparability with MoE could not be checked."
gifu,岐阜,2026,6,,2026-08-16,https://www.pref.gifu.lg.jp/page/4964.html,岐阜県に生息するクマ（ツキノワグマ）について（自然環境課）,cumulative only (one sentence on the page),false,"No monthly table. Page states 令和8年度の岐阜県内でのクマ目撃件数は、525件です（令和8年8月16日時点）: FY2026 cumulative 525 sightings (目撃 only, narrower than MoE's 出没 series) from 2026-04-01 to 2026-08-16. No FY2025 figure on the page, so comparability with MoE could not be checked."
gifu,岐阜,2026,7,,2026-08-16,https://www.pref.gifu.lg.jp/page/4964.html,岐阜県に生息するクマ（ツキノワグマ）について（自然環境課）,cumulative only (one sentence on the page),false,"No monthly table. Page states 令和8年度の岐阜県内でのクマ目撃件数は、525件です（令和8年8月16日時点）: FY2026 cumulative 525 sightings (目撃 only, narrower than MoE's 出没 series) from 2026-04-01 to 2026-08-16. No FY2025 figure on the page, so comparability with MoE could not be checked."
gifu,岐阜,2026,8,,2026-08-16,https://www.pref.gifu.lg.jp/page/4964.html,岐阜県に生息するクマ（ツキノワグマ）について（自然環境課）,cumulative only (one sentence on the page),false,"No monthly table. Page states 令和8年度の岐阜県内でのクマ目撃件数は、525件です（令和8年8月16日時点）: FY2026 cumulative 525 sightings (目撃 only, narrower than MoE's 出没 series) from 2026-04-01 to 2026-08-16. No FY2025 figure on the page, so comparability with MoE could not be checked."
gifu,岐阜,2026,9,,2026-08-16,https://www.pref.gifu.lg.jp/page/4964.html,岐阜県に生息するクマ（ツキノワグマ）について（自然環境課）,cumulative only (one sentence on the page),false,"No monthly table. Page states 令和8年度の岐阜県内でのクマ目撃件数は、525件です（令和8年8月16日時点）: FY2026 cumulative 525 sightings (目撃 only, narrower than MoE's 出没 series) from 2026-04-01 to 2026-08-16. No FY2025 figure on the page, so comparability with MoE could not be checked."
gifu,岐阜,2026,10,,2026-08-16,https://www.pref.gifu.lg.jp/page/4964.html,岐阜県に生息するクマ（ツキノワグマ）について（自然環境課）,cumulative only (one sentence on the page),false,"No monthly table. Page states 令和8年度の岐阜県内でのクマ目撃件数は、525件です（令和8年8月16日時点）: FY2026 cumulative 525 sightings (目撃 only, narrower than MoE's 出没 series) from 2026-04-01 to 2026-08-16. No FY2025 figure on the page, so comparability with MoE could not be checked."
gifu,岐阜,2026,11,,2026-08-16,https://www.pref.gifu.lg.jp/page/4964.html,岐阜県に生息するクマ（ツキノワグマ）について（自然環境課）,cumulative only (one sentence on the page),false,"No monthly table. Page states 令和8年度の岐阜県内でのクマ目撃件数は、525件です（令和8年8月16日時点）: FY2026 cumulative 525 sightings (目撃 only, narrower than MoE's 出没 series) from 2026-04-01 to 2026-08-16. No FY2025 figure on the page, so comparability with MoE could not be checked."
gifu,岐阜,2026,12,,2026-08-16,https://www.pref.gifu.lg.jp/page/4964.html,岐阜県に生息するクマ（ツキノワグマ）について（自然環境課）,cumulative only (one sentence on the page),false,"No monthly table. Page states 令和8年度の岐阜県内でのクマ目撃件数は、525件です（令和8年8月16日時点）: FY2026 cumulative 525 sightings (目撃 only, narrower than MoE's 出没 series) from 2026-04-01 to 2026-08-16. No FY2025 figure on the page, so comparability with MoE could not be checked."
gifu,岐阜,2026,1,,2026-08-16,https://www.pref.gifu.lg.jp/page/4964.html,岐阜県に生息するクマ（ツキノワグマ）について（自然環境課）,cumulative only (one sentence on the page),false,"No monthly table. Page states 令和8年度の岐阜県内でのクマ目撃件数は、525件です（令和8年8月16日時点）: FY2026 cumulative 525 sightings (目撃 only, narrower than MoE's 出没 series) from 2026-04-01 to 2026-08-16. No FY2025 figure on the page, so comparability with MoE could not be checked."
gifu,岐阜,2026,2,,2026-08-16,https://www.pref.gifu.lg.jp/page/4964.html,岐阜県に生息するクマ（ツキノワグマ）について（自然環境課）,cumulative only (one sentence on the page),false,"No monthly table. Page states 令和8年度の岐阜県内でのクマ目撃件数は、525件です（令和8年8月16日時点）: FY2026 cumulative 525 sightings (目撃 only, narrower than MoE's 出没 series) from 2026-04-01 to 2026-08-16. No FY2025 figure on the page, so comparability with MoE could not be checked."
gifu,岐阜,2026,3,,2026-08-16,https://www.pref.gifu.lg.jp/page/4964.html,岐阜県に生息するクマ（ツキノワグマ）について（自然環境課）,cumulative only (one sentence on the page),false,"No monthly table. Page states 令和8年度の岐阜県内でのクマ目撃件数は、525件です（令和8年8月16日時点）: FY2026 cumulative 525 sightings (目撃 only, narrower than MoE's 出没 series) from 2026-04-01 to 2026-08-16. No FY2025 figure on the page, so comparability with MoE could not be checked."
toyama,富山,2026,4,,2026-07-30,https://www.pref.toyama.jp/documents/37375/kuma_keiho4.pdf,令和8年度 富山県ツキノワグマ出没警報（第4報）,"PDF bulletin, cumulative only",true,"No monthly table; the bulletin gives a running FY total only: 222 出没 (目撃・痕跡) from April to 2026-07-30 (147 to 2026-06-26 in the 第3報). Its comparison figures match the MoE FY2025 row (昨年7月末 161 = 10+25+58+68), so the series is the same as MoE's, but no month value can be filled."
toyama,富山,2026,5,,2026-07-30,https://www.pref.toyama.jp/documents/37375/kuma_keiho4.pdf,令和8年度 富山県ツキノワグマ出没警報（第4報）,"PDF bulletin, cumulative only",true,"No monthly table; the bulletin gives a running FY total only: 222 出没 (目撃・痕跡) from April to 2026-07-30 (147 to 2026-06-26 in the 第3報). Its comparison figures match the MoE FY2025 row (昨年7月末 161 = 10+25+58+68), so the series is the same as MoE's, but no month value can be filled."
toyama,富山,2026,6,,2026-07-30,https://www.pref.toyama.jp/documents/37375/kuma_keiho4.pdf,令和8年度 富山県ツキノワグマ出没警報（第4報）,"PDF bulletin, cumulative only",true,"No monthly table; the bulletin gives a running FY total only: 222 出没 (目撃・痕跡) from April to 2026-07-30 (147 to 2026-06-26 in the 第3報). Its comparison figures match the MoE FY2025 row (昨年7月末 161 = 10+25+58+68), so the series is the same as MoE's, but no month value can be filled."
toyama,富山,2026,7,,2026-07-30,https://www.pref.toyama.jp/documents/37375/kuma_keiho4.pdf,令和8年度 富山県ツキノワグマ出没警報（第4報）,"PDF bulletin, cumulative only",true,"No monthly table; the bulletin gives a running FY total only: 222 出没 (目撃・痕跡) from April to 2026-07-30 (147 to 2026-06-26 in the 第3報). Its comparison figures match the MoE FY2025 row (昨年7月末 161 = 10+25+58+68), so the series is the same as MoE's, but no month value can be filled."
toyama,富山,2026,8,,2026-07-30,https://www.pref.toyama.jp/documents/37375/kuma_keiho4.pdf,令和8年度 富山県ツキノワグマ出没警報（第4報）,"PDF bulletin, cumulative only",true,"No monthly table; the bulletin gives a running FY total only: 222 出没 (目撃・痕跡) from April to 2026-07-30 (147 to 2026-06-26 in the 第3報). Its comparison figures match the MoE FY2025 row (昨年7月末 161 = 10+25+58+68), so the series is the same as MoE's, but no month value can be filled."
toyama,富山,2026,9,,2026-07-30,https://www.pref.toyama.jp/documents/37375/kuma_keiho4.pdf,令和8年度 富山県ツキノワグマ出没警報（第4報）,"PDF bulletin, cumulative only",true,"No monthly table; the bulletin gives a running FY total only: 222 出没 (目撃・痕跡) from April to 2026-07-30 (147 to 2026-06-26 in the 第3報). Its comparison figures match the MoE FY2025 row (昨年7月末 161 = 10+25+58+68), so the series is the same as MoE's, but no month value can be filled."
toyama,富山,2026,10,,2026-07-30,https://www.pref.toyama.jp/documents/37375/kuma_keiho4.pdf,令和8年度 富山県ツキノワグマ出没警報（第4報）,"PDF bulletin, cumulative only",true,"No monthly table; the bulletin gives a running FY total only: 222 出没 (目撃・痕跡) from April to 2026-07-30 (147 to 2026-06-26 in the 第3報). Its comparison figures match the MoE FY2025 row (昨年7月末 161 = 10+25+58+68), so the series is the same as MoE's, but no month value can be filled."
toyama,富山,2026,11,,2026-07-30,https://www.pref.toyama.jp/documents/37375/kuma_keiho4.pdf,令和8年度 富山県ツキノワグマ出没警報（第4報）,"PDF bulletin, cumulative only",true,"No monthly table; the bulletin gives a running FY total only: 222 出没 (目撃・痕跡) from April to 2026-07-30 (147 to 2026-06-26 in the 第3報). Its comparison figures match the MoE FY2025 row (昨年7月末 161 = 10+25+58+68), so the series is the same as MoE's, but no month value can be filled."
toyama,富山,2026,12,,2026-07-30,https://www.pref.toyama.jp/documents/37375/kuma_keiho4.pdf,令和8年度 富山県ツキノワグマ出没警報（第4報）,"PDF bulletin, cumulative only",true,"No monthly table; the bulletin gives a running FY total only: 222 出没 (目撃・痕跡) from April to 2026-07-30 (147 to 2026-06-26 in the 第3報). Its comparison figures match the MoE FY2025 row (昨年7月末 161 = 10+25+58+68), so the series is the same as MoE's, but no month value can be filled."
toyama,富山,2026,1,,2026-07-30,https://www.pref.toyama.jp/documents/37375/kuma_keiho4.pdf,令和8年度 富山県ツキノワグマ出没警報（第4報）,"PDF bulletin, cumulative only",true,"No monthly table; the bulletin gives a running FY total only: 222 出没 (目撃・痕跡) from April to 2026-07-30 (147 to 2026-06-26 in the 第3報). Its comparison figures match the MoE FY2025 row (昨年7月末 161 = 10+25+58+68), so the series is the same as MoE's, but no month value can be filled."
toyama,富山,2026,2,,2026-07-30,https://www.pref.toyama.jp/documents/37375/kuma_keiho4.pdf,令和8年度 富山県ツキノワグマ出没警報（第4報）,"PDF bulletin, cumulative only",true,"No monthly table; the bulletin gives a running FY total only: 222 出没 (目撃・痕跡) from April to 2026-07-30 (147 to 2026-06-26 in the 第3報). Its comparison figures match the MoE FY2025 row (昨年7月末 161 = 10+25+58+68), so the series is the same as MoE's, but no month value can be filled."
toyama,富山,2026,3,,2026-07-30,https://www.pref.toyama.jp/documents/37375/kuma_keiho4.pdf,令和8年度 富山県ツキノワグマ出没警報（第4報）,"PDF bulletin, cumulative only",true,"No monthly table; the bulletin gives a running FY total only: 222 出没 (目撃・痕跡) from April to 2026-07-30 (147 to 2026-06-26 in the 第3報). Its comparison figures match the MoE FY2025 row (昨年7月末 161 = 10+25+58+68), so the series is the same as MoE's, but no month value can be filled."
fukui,福井,2026,4,27,2026-08-23,https://www.pref.fukui.lg.jp/doc/shizen/tixyouzixyuu/tukinowaguma2_d/fil/R4-8.pdf,福井県内のツキノワグマの出没状況（令和4年度〜令和8年度）,"PDF (image only, read visually)",true,"県全域 row of クマの出没（目撃・痕跡・捕獲・人身被害）件数: sightings + traces + captures + injuries. The R8 row prints 0 for September onward as an empty template, stored here as blank. FY2025 row equals the MoE FY2025 row (35,90,115,102,40,62,204,216,53,19,10,4 = 950)."
fukui,福井,2026,5,125,2026-08-23,https://www.pref.fukui.lg.jp/doc/shizen/tixyouzixyuu/tukinowaguma2_d/fil/R4-8.pdf,福井県内のツキノワグマの出没状況（令和4年度〜令和8年度）,"PDF (image only, read visually)",true,"県全域 row of クマの出没（目撃・痕跡・捕獲・人身被害）件数: sightings + traces + captures + injuries. The R8 row prints 0 for September onward as an empty template, stored here as blank. FY2025 row equals the MoE FY2025 row (35,90,115,102,40,62,204,216,53,19,10,4 = 950)."
fukui,福井,2026,6,173,2026-08-23,https://www.pref.fukui.lg.jp/doc/shizen/tixyouzixyuu/tukinowaguma2_d/fil/R4-8.pdf,福井県内のツキノワグマの出没状況（令和4年度〜令和8年度）,"PDF (image only, read visually)",true,"県全域 row of クマの出没（目撃・痕跡・捕獲・人身被害）件数: sightings + traces + captures + injuries. The R8 row prints 0 for September onward as an empty template, stored here as blank. FY2025 row equals the MoE FY2025 row (35,90,115,102,40,62,204,216,53,19,10,4 = 950)."
fukui,福井,2026,7,82,2026-08-23,https://www.pref.fukui.lg.jp/doc/shizen/tixyouzixyuu/tukinowaguma2_d/fil/R4-8.pdf,福井県内のツキノワグマの出没状況（令和4年度〜令和8年度）,"PDF (image only, read visually)",true,"県全域 row of クマの出没（目撃・痕跡・捕獲・人身被害）件数: sightings + traces + captures + injuries. The R8 row prints 0 for September onward as an empty template, stored here as blank. FY2025 row equals the MoE FY2025 row (35,90,115,102,40,62,204,216,53,19,10,4 = 950)."
fukui,福井,2026,8,25,2026-08-23,https://www.pref.fukui.lg.jp/doc/shizen/tixyouzixyuu/tukinowaguma2_d/fil/R4-8.pdf,福井県内のツキノワグマの出没状況（令和4年度〜令和8年度）,"PDF (image only, read visually)",true,"県全域 row of クマの出没（目撃・痕跡・捕獲・人身被害）件数: sightings + traces + captures + injuries. The R8 row prints 0 for September onward as an empty template, stored here as blank. FY2025 row equals the MoE FY2025 row (35,90,115,102,40,62,204,216,53,19,10,4 = 950)."
fukui,福井,2026,9,,2026-08-23,https://www.pref.fukui.lg.jp/doc/shizen/tixyouzixyuu/tukinowaguma2_d/fil/R4-8.pdf,福井県内のツキノワグマの出没状況（令和4年度〜令和8年度）,"PDF (image only, read visually)",true,"県全域 row of クマの出没（目撃・痕跡・捕獲・人身被害）件数: sightings + traces + captures + injuries. The R8 row prints 0 for September onward as an empty template, stored here as blank. FY2025 row equals the MoE FY2025 row (35,90,115,102,40,62,204,216,53,19,10,4 = 950)."
fukui,福井,2026,10,,2026-08-23,https://www.pref.fukui.lg.jp/doc/shizen/tixyouzixyuu/tukinowaguma2_d/fil/R4-8.pdf,福井県内のツキノワグマの出没状況（令和4年度〜令和8年度）,"PDF (image only, read visually)",true,"県全域 row of クマの出没（目撃・痕跡・捕獲・人身被害）件数: sightings + traces + captures + injuries. The R8 row prints 0 for September onward as an empty template, stored here as blank. FY2025 row equals the MoE FY2025 row (35,90,115,102,40,62,204,216,53,19,10,4 = 950)."
fukui,福井,2026,11,,2026-08-23,https://www.pref.fukui.lg.jp/doc/shizen/tixyouzixyuu/tukinowaguma2_d/fil/R4-8.pdf,福井県内のツキノワグマの出没状況（令和4年度〜令和8年度）,"PDF (image only, read visually)",true,"県全域 row of クマの出没（目撃・痕跡・捕獲・人身被害）件数: sightings + traces + captures + injuries. The R8 row prints 0 for September onward as an empty template, stored here as blank. FY2025 row equals the MoE FY2025 row (35,90,115,102,40,62,204,216,53,19,10,4 = 950)."
fukui,福井,2026,12,,2026-08-23,https://www.pref.fukui.lg.jp/doc/shizen/tixyouzixyuu/tukinowaguma2_d/fil/R4-8.pdf,福井県内のツキノワグマの出没状況（令和4年度〜令和8年度）,"PDF (image only, read visually)",true,"県全域 row of クマの出没（目撃・痕跡・捕獲・人身被害）件数: sightings + traces + captures + injuries. The R8 row prints 0 for September onward as an empty template, stored here as blank. FY2025 row equals the MoE FY2025 row (35,90,115,102,40,62,204,216,53,19,10,4 = 950)."
fukui,福井,2026,1,,2026-08-23,https://www.pref.fukui.lg.jp/doc/shizen/tixyouzixyuu/tukinowaguma2_d/fil/R4-8.pdf,福井県内のツキノワグマの出没状況（令和4年度〜令和8年度）,"PDF (image only, read visually)",true,"県全域 row of クマの出没（目撃・痕跡・捕獲・人身被害）件数: sightings + traces + captures + injuries. The R8 row prints 0 for September onward as an empty template, stored here as blank. FY2025 row equals the MoE FY2025 row (35,90,115,102,40,62,204,216,53,19,10,4 = 950)."
fukui,福井,2026,2,,2026-08-23,https://www.pref.fukui.lg.jp/doc/shizen/tixyouzixyuu/tukinowaguma2_d/fil/R4-8.pdf,福井県内のツキノワグマの出没状況（令和4年度〜令和8年度）,"PDF (image only, read visually)",true,"県全域 row of クマの出没（目撃・痕跡・捕獲・人身被害）件数: sightings + traces + captures + injuries. The R8 row prints 0 for September onward as an empty template, stored here as blank. FY2025 row equals the MoE FY2025 row (35,90,115,102,40,62,204,216,53,19,10,4 = 950)."
fukui,福井,2026,3,,2026-08-23,https://www.pref.fukui.lg.jp/doc/shizen/tixyouzixyuu/tukinowaguma2_d/fil/R4-8.pdf,福井県内のツキノワグマの出没状況（令和4年度〜令和8年度）,"PDF (image only, read visually)",true,"県全域 row of クマの出没（目撃・痕跡・捕獲・人身被害）件数: sightings + traces + captures + injuries. The R8 row prints 0 for September onward as an empty template, stored here as blank. FY2025 row equals the MoE FY2025 row (35,90,115,102,40,62,204,216,53,19,10,4 = 950)."
shimane,島根,2026,4,94,2026-07-31,https://www.pref.shimane.lg.jp/industry/norin/choujyu_taisaku/kuma_higaitaisaku.data/R8beardata7month.pdf,島根県：クマの出没・被害状況と出没予測（ツキノワグマの目撃等件数、令和8年7月31日現在）,PDF,true,"目撃等件数: sightings plus 痕跡, 被害 and 捕獲等, one continuous table FY2014-FY2026. FY2025 row equals the MoE FY2025 row (23,135,124,150,85,55,104,113,60,17,7,18 = 891). FY2026 total printed 765 = 94+285+218+168."
shimane,島根,2026,5,285,2026-07-31,https://www.pref.shimane.lg.jp/industry/norin/choujyu_taisaku/kuma_higaitaisaku.data/R8beardata7month.pdf,島根県：クマの出没・被害状況と出没予測（ツキノワグマの目撃等件数、令和8年7月31日現在）,PDF,true,"目撃等件数: sightings plus 痕跡, 被害 and 捕獲等, one continuous table FY2014-FY2026. FY2025 row equals the MoE FY2025 row (23,135,124,150,85,55,104,113,60,17,7,18 = 891). FY2026 total printed 765 = 94+285+218+168."
shimane,島根,2026,6,218,2026-07-31,https://www.pref.shimane.lg.jp/industry/norin/choujyu_taisaku/kuma_higaitaisaku.data/R8beardata7month.pdf,島根県：クマの出没・被害状況と出没予測（ツキノワグマの目撃等件数、令和8年7月31日現在）,PDF,true,"目撃等件数: sightings plus 痕跡, 被害 and 捕獲等, one continuous table FY2014-FY2026. FY2025 row equals the MoE FY2025 row (23,135,124,150,85,55,104,113,60,17,7,18 = 891). FY2026 total printed 765 = 94+285+218+168."
shimane,島根,2026,7,168,2026-07-31,https://www.pref.shimane.lg.jp/industry/norin/choujyu_taisaku/kuma_higaitaisaku.data/R8beardata7month.pdf,島根県：クマの出没・被害状況と出没予測（ツキノワグマの目撃等件数、令和8年7月31日現在）,PDF,true,"目撃等件数: sightings plus 痕跡, 被害 and 捕獲等, one continuous table FY2014-FY2026. FY2025 row equals the MoE FY2025 row (23,135,124,150,85,55,104,113,60,17,7,18 = 891). FY2026 total printed 765 = 94+285+218+168."
shimane,島根,2026,8,,2026-07-31,https://www.pref.shimane.lg.jp/industry/norin/choujyu_taisaku/kuma_higaitaisaku.data/R8beardata7month.pdf,島根県：クマの出没・被害状況と出没予測（ツキノワグマの目撃等件数、令和8年7月31日現在）,PDF,true,"目撃等件数: sightings plus 痕跡, 被害 and 捕獲等, one continuous table FY2014-FY2026. FY2025 row equals the MoE FY2025 row (23,135,124,150,85,55,104,113,60,17,7,18 = 891). FY2026 total printed 765 = 94+285+218+168."
shimane,島根,2026,9,,2026-07-31,https://www.pref.shimane.lg.jp/industry/norin/choujyu_taisaku/kuma_higaitaisaku.data/R8beardata7month.pdf,島根県：クマの出没・被害状況と出没予測（ツキノワグマの目撃等件数、令和8年7月31日現在）,PDF,true,"目撃等件数: sightings plus 痕跡, 被害 and 捕獲等, one continuous table FY2014-FY2026. FY2025 row equals the MoE FY2025 row (23,135,124,150,85,55,104,113,60,17,7,18 = 891). FY2026 total printed 765 = 94+285+218+168."
shimane,島根,2026,10,,2026-07-31,https://www.pref.shimane.lg.jp/industry/norin/choujyu_taisaku/kuma_higaitaisaku.data/R8beardata7month.pdf,島根県：クマの出没・被害状況と出没予測（ツキノワグマの目撃等件数、令和8年7月31日現在）,PDF,true,"目撃等件数: sightings plus 痕跡, 被害 and 捕獲等, one continuous table FY2014-FY2026. FY2025 row equals the MoE FY2025 row (23,135,124,150,85,55,104,113,60,17,7,18 = 891). FY2026 total printed 765 = 94+285+218+168."
shimane,島根,2026,11,,2026-07-31,https://www.pref.shimane.lg.jp/industry/norin/choujyu_taisaku/kuma_higaitaisaku.data/R8beardata7month.pdf,島根県：クマの出没・被害状況と出没予測（ツキノワグマの目撃等件数、令和8年7月31日現在）,PDF,true,"目撃等件数: sightings plus 痕跡, 被害 and 捕獲等, one continuous table FY2014-FY2026. FY2025 row equals the MoE FY2025 row (23,135,124,150,85,55,104,113,60,17,7,18 = 891). FY2026 total printed 765 = 94+285+218+168."
shimane,島根,2026,12,,2026-07-31,https://www.pref.shimane.lg.jp/industry/norin/choujyu_taisaku/kuma_higaitaisaku.data/R8beardata7month.pdf,島根県：クマの出没・被害状況と出没予測（ツキノワグマの目撃等件数、令和8年7月31日現在）,PDF,true,"目撃等件数: sightings plus 痕跡, 被害 and 捕獲等, one continuous table FY2014-FY2026. FY2025 row equals the MoE FY2025 row (23,135,124,150,85,55,104,113,60,17,7,18 = 891). FY2026 total printed 765 = 94+285+218+168."
shimane,島根,2026,1,,2026-07-31,https://www.pref.shimane.lg.jp/industry/norin/choujyu_taisaku/kuma_higaitaisaku.data/R8beardata7month.pdf,島根県：クマの出没・被害状況と出没予測（ツキノワグマの目撃等件数、令和8年7月31日現在）,PDF,true,"目撃等件数: sightings plus 痕跡, 被害 and 捕獲等, one continuous table FY2014-FY2026. FY2025 row equals the MoE FY2025 row (23,135,124,150,85,55,104,113,60,17,7,18 = 891). FY2026 total printed 765 = 94+285+218+168."
shimane,島根,2026,2,,2026-07-31,https://www.pref.shimane.lg.jp/industry/norin/choujyu_taisaku/kuma_higaitaisaku.data/R8beardata7month.pdf,島根県：クマの出没・被害状況と出没予測（ツキノワグマの目撃等件数、令和8年7月31日現在）,PDF,true,"目撃等件数: sightings plus 痕跡, 被害 and 捕獲等, one continuous table FY2014-FY2026. FY2025 row equals the MoE FY2025 row (23,135,124,150,85,55,104,113,60,17,7,18 = 891). FY2026 total printed 765 = 94+285+218+168."
shimane,島根,2026,3,,2026-07-31,https://www.pref.shimane.lg.jp/industry/norin/choujyu_taisaku/kuma_higaitaisaku.data/R8beardata7month.pdf,島根県：クマの出没・被害状況と出没予測（ツキノワグマの目撃等件数、令和8年7月31日現在）,PDF,true,"目撃等件数: sightings plus 痕跡, 被害 and 捕獲等, one continuous table FY2014-FY2026. FY2025 row equals the MoE FY2025 row (23,135,124,150,85,55,104,113,60,17,7,18 = 891). FY2026 total printed 765 = 94+285+218+168."
hiroshima,広島,2026,4,26,2026-07-31,https://www.pref.hiroshima.lg.jp/uploaded/attachment/679296.pdf,県内におけるツキノワグマの月別目撃件数（広島県 wildlife-management portal）,PDF,true,"Suspected sightings and traces included, 人身被害 excluded. Portal says 令和８年度は7月末時点の情報. FY2025 row equals the MoE FY2025 row (21,44,76,64,42,46,107,125,47,10,3,7 = 592)."
hiroshima,広島,2026,5,138,2026-07-31,https://www.pref.hiroshima.lg.jp/uploaded/attachment/679296.pdf,県内におけるツキノワグマの月別目撃件数（広島県 wildlife-management portal）,PDF,true,"Suspected sightings and traces included, 人身被害 excluded. Portal says 令和８年度は7月末時点の情報. FY2025 row equals the MoE FY2025 row (21,44,76,64,42,46,107,125,47,10,3,7 = 592)."
hiroshima,広島,2026,6,120,2026-07-31,https://www.pref.hiroshima.lg.jp/uploaded/attachment/679296.pdf,県内におけるツキノワグマの月別目撃件数（広島県 wildlife-management portal）,PDF,true,"Suspected sightings and traces included, 人身被害 excluded. Portal says 令和８年度は7月末時点の情報. FY2025 row equals the MoE FY2025 row (21,44,76,64,42,46,107,125,47,10,3,7 = 592)."
hiroshima,広島,2026,7,78,2026-07-31,https://www.pref.hiroshima.lg.jp/uploaded/attachment/679296.pdf,県内におけるツキノワグマの月別目撃件数（広島県 wildlife-management portal）,PDF,true,"Suspected sightings and traces included, 人身被害 excluded. Portal says 令和８年度は7月末時点の情報. FY2025 row equals the MoE FY2025 row (21,44,76,64,42,46,107,125,47,10,3,7 = 592)."
hiroshima,広島,2026,8,,2026-07-31,https://www.pref.hiroshima.lg.jp/uploaded/attachment/679296.pdf,県内におけるツキノワグマの月別目撃件数（広島県 wildlife-management portal）,PDF,true,"Suspected sightings and traces included, 人身被害 excluded. Portal says 令和８年度は7月末時点の情報. FY2025 row equals the MoE FY2025 row (21,44,76,64,42,46,107,125,47,10,3,7 = 592)."
hiroshima,広島,2026,9,,2026-07-31,https://www.pref.hiroshima.lg.jp/uploaded/attachment/679296.pdf,県内におけるツキノワグマの月別目撃件数（広島県 wildlife-management portal）,PDF,true,"Suspected sightings and traces included, 人身被害 excluded. Portal says 令和８年度は7月末時点の情報. FY2025 row equals the MoE FY2025 row (21,44,76,64,42,46,107,125,47,10,3,7 = 592)."
hiroshima,広島,2026,10,,2026-07-31,https://www.pref.hiroshima.lg.jp/uploaded/attachment/679296.pdf,県内におけるツキノワグマの月別目撃件数（広島県 wildlife-management portal）,PDF,true,"Suspected sightings and traces included, 人身被害 excluded. Portal says 令和８年度は7月末時点の情報. FY2025 row equals the MoE FY2025 row (21,44,76,64,42,46,107,125,47,10,3,7 = 592)."
hiroshima,広島,2026,11,,2026-07-31,https://www.pref.hiroshima.lg.jp/uploaded/attachment/679296.pdf,県内におけるツキノワグマの月別目撃件数（広島県 wildlife-management portal）,PDF,true,"Suspected sightings and traces included, 人身被害 excluded. Portal says 令和８年度は7月末時点の情報. FY2025 row equals the MoE FY2025 row (21,44,76,64,42,46,107,125,47,10,3,7 = 592)."
hiroshima,広島,2026,12,,2026-07-31,https://www.pref.hiroshima.lg.jp/uploaded/attachment/679296.pdf,県内におけるツキノワグマの月別目撃件数（広島県 wildlife-management portal）,PDF,true,"Suspected sightings and traces included, 人身被害 excluded. Portal says 令和８年度は7月末時点の情報. FY2025 row equals the MoE FY2025 row (21,44,76,64,42,46,107,125,47,10,3,7 = 592)."
hiroshima,広島,2026,1,,2026-07-31,https://www.pref.hiroshima.lg.jp/uploaded/attachment/679296.pdf,県内におけるツキノワグマの月別目撃件数（広島県 wildlife-management portal）,PDF,true,"Suspected sightings and traces included, 人身被害 excluded. Portal says 令和８年度は7月末時点の情報. FY2025 row equals the MoE FY2025 row (21,44,76,64,42,46,107,125,47,10,3,7 = 592)."
hiroshima,広島,2026,2,,2026-07-31,https://www.pref.hiroshima.lg.jp/uploaded/attachment/679296.pdf,県内におけるツキノワグマの月別目撃件数（広島県 wildlife-management portal）,PDF,true,"Suspected sightings and traces included, 人身被害 excluded. Portal says 令和８年度は7月末時点の情報. FY2025 row equals the MoE FY2025 row (21,44,76,64,42,46,107,125,47,10,3,7 = 592)."
hiroshima,広島,2026,3,,2026-07-31,https://www.pref.hiroshima.lg.jp/uploaded/attachment/679296.pdf,県内におけるツキノワグマの月別目撃件数（広島県 wildlife-management portal）,PDF,true,"Suspected sightings and traces included, 人身被害 excluded. Portal says 令和８年度は7月末時点の情報. FY2025 row equals the MoE FY2025 row (21,44,76,64,42,46,107,125,47,10,3,7 = 592)."
hyogo,兵庫,2026,4,33,2026-06-15,https://web.pref.hyogo.lg.jp/nk20/documents/dai3kaisiryo.pdf,第３回 兵庫県ツキノワグマ対策連絡会議 資料（令和8年6月15日）クマの目撃・痕跡件数,PDF,true,"Sightings + traces, 人身被害 separate. FY2025 row equals the MoE FY2025 row (39,121,53,80,49,59,45,32,12,10,3,7 = 510). MoE's own FY2026 row already shows 33,117,158 through June, i.e. Hyogo revised May by one and added June after this meeting; a newer Hyogo source is needed for June onward."
hyogo,兵庫,2026,5,116,2026-06-15,https://web.pref.hyogo.lg.jp/nk20/documents/dai3kaisiryo.pdf,第３回 兵庫県ツキノワグマ対策連絡会議 資料（令和8年6月15日）クマの目撃・痕跡件数,PDF,true,"Sightings + traces, 人身被害 separate. FY2025 row equals the MoE FY2025 row (39,121,53,80,49,59,45,32,12,10,3,7 = 510). MoE's own FY2026 row already shows 33,117,158 through June, i.e. Hyogo revised May by one and added June after this meeting; a newer Hyogo source is needed for June onward."
hyogo,兵庫,2026,6,,2026-06-15,https://web.pref.hyogo.lg.jp/nk20/documents/dai3kaisiryo.pdf,第３回 兵庫県ツキノワグマ対策連絡会議 資料（令和8年6月15日）クマの目撃・痕跡件数,PDF,true,"Sightings + traces, 人身被害 separate. FY2025 row equals the MoE FY2025 row (39,121,53,80,49,59,45,32,12,10,3,7 = 510). MoE's own FY2026 row already shows 33,117,158 through June, i.e. Hyogo revised May by one and added June after this meeting; a newer Hyogo source is needed for June onward."
hyogo,兵庫,2026,7,,2026-06-15,https://web.pref.hyogo.lg.jp/nk20/documents/dai3kaisiryo.pdf,第３回 兵庫県ツキノワグマ対策連絡会議 資料（令和8年6月15日）クマの目撃・痕跡件数,PDF,true,"Sightings + traces, 人身被害 separate. FY2025 row equals the MoE FY2025 row (39,121,53,80,49,59,45,32,12,10,3,7 = 510). MoE's own FY2026 row already shows 33,117,158 through June, i.e. Hyogo revised May by one and added June after this meeting; a newer Hyogo source is needed for June onward."
hyogo,兵庫,2026,8,,2026-06-15,https://web.pref.hyogo.lg.jp/nk20/documents/dai3kaisiryo.pdf,第３回 兵庫県ツキノワグマ対策連絡会議 資料（令和8年6月15日）クマの目撃・痕跡件数,PDF,true,"Sightings + traces, 人身被害 separate. FY2025 row equals the MoE FY2025 row (39,121,53,80,49,59,45,32,12,10,3,7 = 510). MoE's own FY2026 row already shows 33,117,158 through June, i.e. Hyogo revised May by one and added June after this meeting; a newer Hyogo source is needed for June onward."
hyogo,兵庫,2026,9,,2026-06-15,https://web.pref.hyogo.lg.jp/nk20/documents/dai3kaisiryo.pdf,第３回 兵庫県ツキノワグマ対策連絡会議 資料（令和8年6月15日）クマの目撃・痕跡件数,PDF,true,"Sightings + traces, 人身被害 separate. FY2025 row equals the MoE FY2025 row (39,121,53,80,49,59,45,32,12,10,3,7 = 510). MoE's own FY2026 row already shows 33,117,158 through June, i.e. Hyogo revised May by one and added June after this meeting; a newer Hyogo source is needed for June onward."
hyogo,兵庫,2026,10,,2026-06-15,https://web.pref.hyogo.lg.jp/nk20/documents/dai3kaisiryo.pdf,第３回 兵庫県ツキノワグマ対策連絡会議 資料（令和8年6月15日）クマの目撃・痕跡件数,PDF,true,"Sightings + traces, 人身被害 separate. FY2025 row equals the MoE FY2025 row (39,121,53,80,49,59,45,32,12,10,3,7 = 510). MoE's own FY2026 row already shows 33,117,158 through June, i.e. Hyogo revised May by one and added June after this meeting; a newer Hyogo source is needed for June onward."
hyogo,兵庫,2026,11,,2026-06-15,https://web.pref.hyogo.lg.jp/nk20/documents/dai3kaisiryo.pdf,第３回 兵庫県ツキノワグマ対策連絡会議 資料（令和8年6月15日）クマの目撃・痕跡件数,PDF,true,"Sightings + traces, 人身被害 separate. FY2025 row equals the MoE FY2025 row (39,121,53,80,49,59,45,32,12,10,3,7 = 510). MoE's own FY2026 row already shows 33,117,158 through June, i.e. Hyogo revised May by one and added June after this meeting; a newer Hyogo source is needed for June onward."
hyogo,兵庫,2026,12,,2026-06-15,https://web.pref.hyogo.lg.jp/nk20/documents/dai3kaisiryo.pdf,第３回 兵庫県ツキノワグマ対策連絡会議 資料（令和8年6月15日）クマの目撃・痕跡件数,PDF,true,"Sightings + traces, 人身被害 separate. FY2025 row equals the MoE FY2025 row (39,121,53,80,49,59,45,32,12,10,3,7 = 510). MoE's own FY2026 row already shows 33,117,158 through June, i.e. Hyogo revised May by one and added June after this meeting; a newer Hyogo source is needed for June onward."
hyogo,兵庫,2026,1,,2026-06-15,https://web.pref.hyogo.lg.jp/nk20/documents/dai3kaisiryo.pdf,第３回 兵庫県ツキノワグマ対策連絡会議 資料（令和8年6月15日）クマの目撃・痕跡件数,PDF,true,"Sightings + traces, 人身被害 separate. FY2025 row equals the MoE FY2025 row (39,121,53,80,49,59,45,32,12,10,3,7 = 510). MoE's own FY2026 row already shows 33,117,158 through June, i.e. Hyogo revised May by one and added June after this meeting; a newer Hyogo source is needed for June onward."
hyogo,兵庫,2026,2,,2026-06-15,https://web.pref.hyogo.lg.jp/nk20/documents/dai3kaisiryo.pdf,第３回 兵庫県ツキノワグマ対策連絡会議 資料（令和8年6月15日）クマの目撃・痕跡件数,PDF,true,"Sightings + traces, 人身被害 separate. FY2025 row equals the MoE FY2025 row (39,121,53,80,49,59,45,32,12,10,3,7 = 510). MoE's own FY2026 row already shows 33,117,158 through June, i.e. Hyogo revised May by one and added June after this meeting; a newer Hyogo source is needed for June onward."
hyogo,兵庫,2026,3,,2026-06-15,https://web.pref.hyogo.lg.jp/nk20/documents/dai3kaisiryo.pdf,第３回 兵庫県ツキノワグマ対策連絡会議 資料（令和8年6月15日）クマの目撃・痕跡件数,PDF,true,"Sightings + traces, 人身被害 separate. FY2025 row equals the MoE FY2025 row (39,121,53,80,49,59,45,32,12,10,3,7 = 510). MoE's own FY2026 row already shows 33,117,158 through June, i.e. Hyogo revised May by one and added June after this meeting; a newer Hyogo source is needed for June onward."
yamaguchi,山口,2026,4,26,2026-09-04,https://www.pref.yamaguchi.lg.jp/uploaded/attachment/250041.pdf,令和8年度 市町別、月別クマ目撃情報（山口県自然保護課、令和8年9月4日時点）,PDF,true,"目撃 count compiled from municipal reports; captures shown as an of-which sub-row, traces and 人身被害 not included. FY2025 from fy2025-monthly-by-city.pdf equals the MoE FY2025 row (17,40,26,58,47,25,76,77,30,9,1,2 = 408)."
yamaguchi,山口,2026,5,65,2026-09-04,https://www.pref.yamaguchi.lg.jp/uploaded/attachment/250041.pdf,令和8年度 市町別、月別クマ目撃情報（山口県自然保護課、令和8年9月4日時点）,PDF,true,"目撃 count compiled from municipal reports; captures shown as an of-which sub-row, traces and 人身被害 not included. FY2025 from fy2025-monthly-by-city.pdf equals the MoE FY2025 row (17,40,26,58,47,25,76,77,30,9,1,2 = 408)."
yamaguchi,山口,2026,6,56,2026-09-04,https://www.pref.yamaguchi.lg.jp/uploaded/attachment/250041.pdf,令和8年度 市町別、月別クマ目撃情報（山口県自然保護課、令和8年9月4日時点）,PDF,true,"目撃 count compiled from municipal reports; captures shown as an of-which sub-row, traces and 人身被害 not included. FY2025 from fy2025-monthly-by-city.pdf equals the MoE FY2025 row (17,40,26,58,47,25,76,77,30,9,1,2 = 408)."
yamaguchi,山口,2026,7,62,2026-09-04,https://www.pref.yamaguchi.lg.jp/uploaded/attachment/250041.pdf,令和8年度 市町別、月別クマ目撃情報（山口県自然保護課、令和8年9月4日時点）,PDF,true,"目撃 count compiled from municipal reports; captures shown as an of-which sub-row, traces and 人身被害 not included. FY2025 from fy2025-monthly-by-city.pdf equals the MoE FY2025 row (17,40,26,58,47,25,76,77,30,9,1,2 = 408)."
yamaguchi,山口,2026,8,42,2026-09-04,https://www.pref.yamaguchi.lg.jp/uploaded/attachment/250041.pdf,令和8年度 市町別、月別クマ目撃情報（山口県自然保護課、令和8年9月4日時点）,PDF,true,"目撃 count compiled from municipal reports; captures shown as an of-which sub-row, traces and 人身被害 not included. FY2025 from fy2025-monthly-by-city.pdf equals the MoE FY2025 row (17,40,26,58,47,25,76,77,30,9,1,2 = 408)."
yamaguchi,山口,2026,9,7,2026-09-04,https://www.pref.yamaguchi.lg.jp/uploaded/attachment/250041.pdf,令和8年度 市町別、月別クマ目撃情報（山口県自然保護課、令和8年9月4日時点）,PDF,true,"目撃 count compiled from municipal reports; captures shown as an of-which sub-row, traces and 人身被害 not included. FY2025 from fy2025-monthly-by-city.pdf equals the MoE FY2025 row (17,40,26,58,47,25,76,77,30,9,1,2 = 408)."
yamaguchi,山口,2026,10,,2026-09-04,https://www.pref.yamaguchi.lg.jp/uploaded/attachment/250041.pdf,令和8年度 市町別、月別クマ目撃情報（山口県自然保護課、令和8年9月4日時点）,PDF,true,"目撃 count compiled from municipal reports; captures shown as an of-which sub-row, traces and 人身被害 not included. FY2025 from fy2025-monthly-by-city.pdf equals the MoE FY2025 row (17,40,26,58,47,25,76,77,30,9,1,2 = 408)."
yamaguchi,山口,2026,11,,2026-09-04,https://www.pref.yamaguchi.lg.jp/uploaded/attachment/250041.pdf,令和8年度 市町別、月別クマ目撃情報（山口県自然保護課、令和8年9月4日時点）,PDF,true,"目撃 count compiled from municipal reports; captures shown as an of-which sub-row, traces and 人身被害 not included. FY2025 from fy2025-monthly-by-city.pdf equals the MoE FY2025 row (17,40,26,58,47,25,76,77,30,9,1,2 = 408)."
yamaguchi,山口,2026,12,,2026-09-04,https://www.pref.yamaguchi.lg.jp/uploaded/attachment/250041.pdf,令和8年度 市町別、月別クマ目撃情報（山口県自然保護課、令和8年9月4日時点）,PDF,true,"目撃 count compiled from municipal reports; captures shown as an of-which sub-row, traces and 人身被害 not included. FY2025 from fy2025-monthly-by-city.pdf equals the MoE FY2025 row (17,40,26,58,47,25,76,77,30,9,1,2 = 408)."
yamaguchi,山口,2026,1,,2026-09-04,https://www.pref.yamaguchi.lg.jp/uploaded/attachment/250041.pdf,令和8年度 市町別、月別クマ目撃情報（山口県自然保護課、令和8年9月4日時点）,PDF,true,"目撃 count compiled from municipal reports; captures shown as an of-which sub-row, traces and 人身被害 not included. FY2025 from fy2025-monthly-by-city.pdf equals the MoE FY2025 row (17,40,26,58,47,25,76,77,30,9,1,2 = 408)."
yamaguchi,山口,2026,2,,2026-09-04,https://www.pref.yamaguchi.lg.jp/uploaded/attachment/250041.pdf,令和8年度 市町別、月別クマ目撃情報（山口県自然保護課、令和8年9月4日時点）,PDF,true,"目撃 count compiled from municipal reports; captures shown as an of-which sub-row, traces and 人身被害 not included. FY2025 from fy2025-monthly-by-city.pdf equals the MoE FY2025 row (17,40,26,58,47,25,76,77,30,9,1,2 = 408)."
yamaguchi,山口,2026,3,,2026-09-04,https://www.pref.yamaguchi.lg.jp/uploaded/attachment/250041.pdf,令和8年度 市町別、月別クマ目撃情報（山口県自然保護課、令和8年9月4日時点）,PDF,true,"目撃 count compiled from municipal reports; captures shown as an of-which sub-row, traces and 人身被害 not included. FY2025 from fy2025-monthly-by-city.pdf equals the MoE FY2025 row (17,40,26,58,47,25,76,77,30,9,1,2 = 408)."
ishikawa,石川,2026,4,10,2026-09-02,https://www.pref.ishikawa.lg.jp/sizen/kuma/documents/260902itirann.pdf,ツキノワグマ目撃件数（R8.9.2時点）石川県,PDF,true,"Sighting tally by municipality and month reported through the regional agricultural/forestry offices; 痕跡 (14) listed separately and not included. The itemised list has 191 records, last dated 2026-08-29, so September reads 0 as of 2026-09-02. Ishikawa frames its own prior-year table by calendar year; Apr-Dec FY2025 equals the MoE FY2025 row (9,30,97,47,30,13,91,53,13)."
ishikawa,石川,2026,5,64,2026-09-02,https://www.pref.ishikawa.lg.jp/sizen/kuma/documents/260902itirann.pdf,ツキノワグマ目撃件数（R8.9.2時点）石川県,PDF,true,"Sighting tally by municipality and month reported through the regional agricultural/forestry offices; 痕跡 (14) listed separately and not included. The itemised list has 191 records, last dated 2026-08-29, so September reads 0 as of 2026-09-02. Ishikawa frames its own prior-year table by calendar year; Apr-Dec FY2025 equals the MoE FY2025 row (9,30,97,47,30,13,91,53,13)."
ishikawa,石川,2026,6,69,2026-09-02,https://www.pref.ishikawa.lg.jp/sizen/kuma/documents/260902itirann.pdf,ツキノワグマ目撃件数（R8.9.2時点）石川県,PDF,true,"Sighting tally by municipality and month reported through the regional agricultural/forestry offices; 痕跡 (14) listed separately and not included. The itemised list has 191 records, last dated 2026-08-29, so September reads 0 as of 2026-09-02. Ishikawa frames its own prior-year table by calendar year; Apr-Dec FY2025 equals the MoE FY2025 row (9,30,97,47,30,13,91,53,13)."
ishikawa,石川,2026,7,37,2026-09-02,https://www.pref.ishikawa.lg.jp/sizen/kuma/documents/260902itirann.pdf,ツキノワグマ目撃件数（R8.9.2時点）石川県,PDF,true,"Sighting tally by municipality and month reported through the regional agricultural/forestry offices; 痕跡 (14) listed separately and not included. The itemised list has 191 records, last dated 2026-08-29, so September reads 0 as of 2026-09-02. Ishikawa frames its own prior-year table by calendar year; Apr-Dec FY2025 equals the MoE FY2025 row (9,30,97,47,30,13,91,53,13)."
ishikawa,石川,2026,8,10,2026-09-02,https://www.pref.ishikawa.lg.jp/sizen/kuma/documents/260902itirann.pdf,ツキノワグマ目撃件数（R8.9.2時点）石川県,PDF,true,"Sighting tally by municipality and month reported through the regional agricultural/forestry offices; 痕跡 (14) listed separately and not included. The itemised list has 191 records, last dated 2026-08-29, so September reads 0 as of 2026-09-02. Ishikawa frames its own prior-year table by calendar year; Apr-Dec FY2025 equals the MoE FY2025 row (9,30,97,47,30,13,91,53,13)."
ishikawa,石川,2026,9,0,2026-09-02,https://www.pref.ishikawa.lg.jp/sizen/kuma/documents/260902itirann.pdf,ツキノワグマ目撃件数（R8.9.2時点）石川県,PDF,true,"Sighting tally by municipality and month reported through the regional agricultural/forestry offices; 痕跡 (14) listed separately and not included. The itemised list has 191 records, last dated 2026-08-29, so September reads 0 as of 2026-09-02. Ishikawa frames its own prior-year table by calendar year; Apr-Dec FY2025 equals the MoE FY2025 row (9,30,97,47,30,13,91,53,13)."
ishikawa,石川,2026,10,,2026-09-02,https://www.pref.ishikawa.lg.jp/sizen/kuma/documents/260902itirann.pdf,ツキノワグマ目撃件数（R8.9.2時点）石川県,PDF,true,"Sighting tally by municipality and month reported through the regional agricultural/forestry offices; 痕跡 (14) listed separately and not included. The itemised list has 191 records, last dated 2026-08-29, so September reads 0 as of 2026-09-02. Ishikawa frames its own prior-year table by calendar year; Apr-Dec FY2025 equals the MoE FY2025 row (9,30,97,47,30,13,91,53,13)."
ishikawa,石川,2026,11,,2026-09-02,https://www.pref.ishikawa.lg.jp/sizen/kuma/documents/260902itirann.pdf,ツキノワグマ目撃件数（R8.9.2時点）石川県,PDF,true,"Sighting tally by municipality and month reported through the regional agricultural/forestry offices; 痕跡 (14) listed separately and not included. The itemised list has 191 records, last dated 2026-08-29, so September reads 0 as of 2026-09-02. Ishikawa frames its own prior-year table by calendar year; Apr-Dec FY2025 equals the MoE FY2025 row (9,30,97,47,30,13,91,53,13)."
ishikawa,石川,2026,12,,2026-09-02,https://www.pref.ishikawa.lg.jp/sizen/kuma/documents/260902itirann.pdf,ツキノワグマ目撃件数（R8.9.2時点）石川県,PDF,true,"Sighting tally by municipality and month reported through the regional agricultural/forestry offices; 痕跡 (14) listed separately and not included. The itemised list has 191 records, last dated 2026-08-29, so September reads 0 as of 2026-09-02. Ishikawa frames its own prior-year table by calendar year; Apr-Dec FY2025 equals the MoE FY2025 row (9,30,97,47,30,13,91,53,13)."
ishikawa,石川,2026,1,,2026-09-02,https://www.pref.ishikawa.lg.jp/sizen/kuma/documents/260902itirann.pdf,ツキノワグマ目撃件数（R8.9.2時点）石川県,PDF,true,"Sighting tally by municipality and month reported through the regional agricultural/forestry offices; 痕跡 (14) listed separately and not included. The itemised list has 191 records, last dated 2026-08-29, so September reads 0 as of 2026-09-02. Ishikawa frames its own prior-year table by calendar year; Apr-Dec FY2025 equals the MoE FY2025 row (9,30,97,47,30,13,91,53,13)."
ishikawa,石川,2026,2,,2026-09-02,https://www.pref.ishikawa.lg.jp/sizen/kuma/documents/260902itirann.pdf,ツキノワグマ目撃件数（R8.9.2時点）石川県,PDF,true,"Sighting tally by municipality and month reported through the regional agricultural/forestry offices; 痕跡 (14) listed separately and not included. The itemised list has 191 records, last dated 2026-08-29, so September reads 0 as of 2026-09-02. Ishikawa frames its own prior-year table by calendar year; Apr-Dec FY2025 equals the MoE FY2025 row (9,30,97,47,30,13,91,53,13)."
ishikawa,石川,2026,3,,2026-09-02,https://www.pref.ishikawa.lg.jp/sizen/kuma/documents/260902itirann.pdf,ツキノワグマ目撃件数（R8.9.2時点）石川県,PDF,true,"Sighting tally by municipality and month reported through the regional agricultural/forestry offices; 痕跡 (14) listed separately and not included. The itemised list has 191 records, last dated 2026-08-29, so September reads 0 as of 2026-09-02. Ishikawa frames its own prior-year table by calendar year; Apr-Dec FY2025 equals the MoE FY2025 row (9,30,97,47,30,13,91,53,13)."
yamanashi,山梨,2026,4,16,2026-09-04,https://www.pref.yamanashi.jp/documents/61009/20260904kumakinnen.pdf,近年のツキノワグマ出没・目撃及び捕獲状況（令和8年9月4日16時現在）,PDF,true,"目撃件数 under 出没・目撃状況; captured animals excluded (separate 捕獲状況 table). FY2025 row equals the MoE FY2025 row (4,24,70,52,42,22,33,62,28,5,4,6 = 352). MoE's FY2026 June cell (52) is one behind this PDF (53)."
yamanashi,山梨,2026,5,33,2026-09-04,https://www.pref.yamanashi.jp/documents/61009/20260904kumakinnen.pdf,近年のツキノワグマ出没・目撃及び捕獲状況（令和8年9月4日16時現在）,PDF,true,"目撃件数 under 出没・目撃状況; captured animals excluded (separate 捕獲状況 table). FY2025 row equals the MoE FY2025 row (4,24,70,52,42,22,33,62,28,5,4,6 = 352). MoE's FY2026 June cell (52) is one behind this PDF (53)."
yamanashi,山梨,2026,6,53,2026-09-04,https://www.pref.yamanashi.jp/documents/61009/20260904kumakinnen.pdf,近年のツキノワグマ出没・目撃及び捕獲状況（令和8年9月4日16時現在）,PDF,true,"目撃件数 under 出没・目撃状況; captured animals excluded (separate 捕獲状況 table). FY2025 row equals the MoE FY2025 row (4,24,70,52,42,22,33,62,28,5,4,6 = 352). MoE's FY2026 June cell (52) is one behind this PDF (53)."
yamanashi,山梨,2026,7,50,2026-09-04,https://www.pref.yamanashi.jp/documents/61009/20260904kumakinnen.pdf,近年のツキノワグマ出没・目撃及び捕獲状況（令和8年9月4日16時現在）,PDF,true,"目撃件数 under 出没・目撃状況; captured animals excluded (separate 捕獲状況 table). FY2025 row equals the MoE FY2025 row (4,24,70,52,42,22,33,62,28,5,4,6 = 352). MoE's FY2026 June cell (52) is one behind this PDF (53)."
yamanashi,山梨,2026,8,37,2026-09-04,https://www.pref.yamanashi.jp/documents/61009/20260904kumakinnen.pdf,近年のツキノワグマ出没・目撃及び捕獲状況（令和8年9月4日16時現在）,PDF,true,"目撃件数 under 出没・目撃状況; captured animals excluded (separate 捕獲状況 table). FY2025 row equals the MoE FY2025 row (4,24,70,52,42,22,33,62,28,5,4,6 = 352). MoE's FY2026 June cell (52) is one behind this PDF (53)."
yamanashi,山梨,2026,9,3,2026-09-04,https://www.pref.yamanashi.jp/documents/61009/20260904kumakinnen.pdf,近年のツキノワグマ出没・目撃及び捕獲状況（令和8年9月4日16時現在）,PDF,true,"目撃件数 under 出没・目撃状況; captured animals excluded (separate 捕獲状況 table). FY2025 row equals the MoE FY2025 row (4,24,70,52,42,22,33,62,28,5,4,6 = 352). MoE's FY2026 June cell (52) is one behind this PDF (53)."
yamanashi,山梨,2026,10,,2026-09-04,https://www.pref.yamanashi.jp/documents/61009/20260904kumakinnen.pdf,近年のツキノワグマ出没・目撃及び捕獲状況（令和8年9月4日16時現在）,PDF,true,"目撃件数 under 出没・目撃状況; captured animals excluded (separate 捕獲状況 table). FY2025 row equals the MoE FY2025 row (4,24,70,52,42,22,33,62,28,5,4,6 = 352). MoE's FY2026 June cell (52) is one behind this PDF (53)."
yamanashi,山梨,2026,11,,2026-09-04,https://www.pref.yamanashi.jp/documents/61009/20260904kumakinnen.pdf,近年のツキノワグマ出没・目撃及び捕獲状況（令和8年9月4日16時現在）,PDF,true,"目撃件数 under 出没・目撃状況; captured animals excluded (separate 捕獲状況 table). FY2025 row equals the MoE FY2025 row (4,24,70,52,42,22,33,62,28,5,4,6 = 352). MoE's FY2026 June cell (52) is one behind this PDF (53)."
yamanashi,山梨,2026,12,,2026-09-04,https://www.pref.yamanashi.jp/documents/61009/20260904kumakinnen.pdf,近年のツキノワグマ出没・目撃及び捕獲状況（令和8年9月4日16時現在）,PDF,true,"目撃件数 under 出没・目撃状況; captured animals excluded (separate 捕獲状況 table). FY2025 row equals the MoE FY2025 row (4,24,70,52,42,22,33,62,28,5,4,6 = 352). MoE's FY2026 June cell (52) is one behind this PDF (53)."
yamanashi,山梨,2026,1,,2026-09-04,https://www.pref.yamanashi.jp/documents/61009/20260904kumakinnen.pdf,近年のツキノワグマ出没・目撃及び捕獲状況（令和8年9月4日16時現在）,PDF,true,"目撃件数 under 出没・目撃状況; captured animals excluded (separate 捕獲状況 table). FY2025 row equals the MoE FY2025 row (4,24,70,52,42,22,33,62,28,5,4,6 = 352). MoE's FY2026 June cell (52) is one behind this PDF (53)."
yamanashi,山梨,2026,2,,2026-09-04,https://www.pref.yamanashi.jp/documents/61009/20260904kumakinnen.pdf,近年のツキノワグマ出没・目撃及び捕獲状況（令和8年9月4日16時現在）,PDF,true,"目撃件数 under 出没・目撃状況; captured animals excluded (separate 捕獲状況 table). FY2025 row equals the MoE FY2025 row (4,24,70,52,42,22,33,62,28,5,4,6 = 352). MoE's FY2026 June cell (52) is one behind this PDF (53)."
yamanashi,山梨,2026,3,,2026-09-04,https://www.pref.yamanashi.jp/documents/61009/20260904kumakinnen.pdf,近年のツキノワグマ出没・目撃及び捕獲状況（令和8年9月4日16時現在）,PDF,true,"目撃件数 under 出没・目撃状況; captured animals excluded (separate 捕獲状況 table). FY2025 row equals the MoE FY2025 row (4,24,70,52,42,22,33,62,28,5,4,6 = 352). MoE's FY2026 June cell (52) is one behind this PDF (53)."
tochigi,栃木,2026,4,23,2026-06-30,https://www.pref.tochigi.lg.jp/d04/choujyuu/r4_kuma_shutubotu.html,令和８年度のクマ出没（目撃）状況（栃木県）,HTML table,true,"目撃件数（新聞報道等を集計）: sightings tabulated from newspaper reports, traces and 人身被害 not included. Page footer says 令和８年６月30日現在 but the June cell is still blank. FY2025 row equals the MoE FY2025 row (3,29,27,49,46,31,47,36,15,9,5,8 = 305)."
tochigi,栃木,2026,5,40,2026-06-30,https://www.pref.tochigi.lg.jp/d04/choujyuu/r4_kuma_shutubotu.html,令和８年度のクマ出没（目撃）状況（栃木県）,HTML table,true,"目撃件数（新聞報道等を集計）: sightings tabulated from newspaper reports, traces and 人身被害 not included. Page footer says 令和８年６月30日現在 but the June cell is still blank. FY2025 row equals the MoE FY2025 row (3,29,27,49,46,31,47,36,15,9,5,8 = 305)."
tochigi,栃木,2026,6,,2026-06-30,https://www.pref.tochigi.lg.jp/d04/choujyuu/r4_kuma_shutubotu.html,令和８年度のクマ出没（目撃）状況（栃木県）,HTML table,true,"目撃件数（新聞報道等を集計）: sightings tabulated from newspaper reports, traces and 人身被害 not included. Page footer says 令和８年６月30日現在 but the June cell is still blank. FY2025 row equals the MoE FY2025 row (3,29,27,49,46,31,47,36,15,9,5,8 = 305)."
tochigi,栃木,2026,7,,2026-06-30,https://www.pref.tochigi.lg.jp/d04/choujyuu/r4_kuma_shutubotu.html,令和８年度のクマ出没（目撃）状況（栃木県）,HTML table,true,"目撃件数（新聞報道等を集計）: sightings tabulated from newspaper reports, traces and 人身被害 not included. Page footer says 令和８年６月30日現在 but the June cell is still blank. FY2025 row equals the MoE FY2025 row (3,29,27,49,46,31,47,36,15,9,5,8 = 305)."
tochigi,栃木,2026,8,,2026-06-30,https://www.pref.tochigi.lg.jp/d04/choujyuu/r4_kuma_shutubotu.html,令和８年度のクマ出没（目撃）状況（栃木県）,HTML table,true,"目撃件数（新聞報道等を集計）: sightings tabulated from newspaper reports, traces and 人身被害 not included. Page footer says 令和８年６月30日現在 but the June cell is still blank. FY2025 row equals the MoE FY2025 row (3,29,27,49,46,31,47,36,15,9,5,8 = 305)."
tochigi,栃木,2026,9,,2026-06-30,https://www.pref.tochigi.lg.jp/d04/choujyuu/r4_kuma_shutubotu.html,令和８年度のクマ出没（目撃）状況（栃木県）,HTML table,true,"目撃件数（新聞報道等を集計）: sightings tabulated from newspaper reports, traces and 人身被害 not included. Page footer says 令和８年６月30日現在 but the June cell is still blank. FY2025 row equals the MoE FY2025 row (3,29,27,49,46,31,47,36,15,9,5,8 = 305)."
tochigi,栃木,2026,10,,2026-06-30,https://www.pref.tochigi.lg.jp/d04/choujyuu/r4_kuma_shutubotu.html,令和８年度のクマ出没（目撃）状況（栃木県）,HTML table,true,"目撃件数（新聞報道等を集計）: sightings tabulated from newspaper reports, traces and 人身被害 not included. Page footer says 令和８年６月30日現在 but the June cell is still blank. FY2025 row equals the MoE FY2025 row (3,29,27,49,46,31,47,36,15,9,5,8 = 305)."
tochigi,栃木,2026,11,,2026-06-30,https://www.pref.tochigi.lg.jp/d04/choujyuu/r4_kuma_shutubotu.html,令和８年度のクマ出没（目撃）状況（栃木県）,HTML table,true,"目撃件数（新聞報道等を集計）: sightings tabulated from newspaper reports, traces and 人身被害 not included. Page footer says 令和８年６月30日現在 but the June cell is still blank. FY2025 row equals the MoE FY2025 row (3,29,27,49,46,31,47,36,15,9,5,8 = 305)."
tochigi,栃木,2026,12,,2026-06-30,https://www.pref.tochigi.lg.jp/d04/choujyuu/r4_kuma_shutubotu.html,令和８年度のクマ出没（目撃）状況（栃木県）,HTML table,true,"目撃件数（新聞報道等を集計）: sightings tabulated from newspaper reports, traces and 人身被害 not included. Page footer says 令和８年６月30日現在 but the June cell is still blank. FY2025 row equals the MoE FY2025 row (3,29,27,49,46,31,47,36,15,9,5,8 = 305)."
tochigi,栃木,2026,1,,2026-06-30,https://www.pref.tochigi.lg.jp/d04/choujyuu/r4_kuma_shutubotu.html,令和８年度のクマ出没（目撃）状況（栃木県）,HTML table,true,"目撃件数（新聞報道等を集計）: sightings tabulated from newspaper reports, traces and 人身被害 not included. Page footer says 令和８年６月30日現在 but the June cell is still blank. FY2025 row equals the MoE FY2025 row (3,29,27,49,46,31,47,36,15,9,5,8 = 305)."
tochigi,栃木,2026,2,,2026-06-30,https://www.pref.tochigi.lg.jp/d04/choujyuu/r4_kuma_shutubotu.html,令和８年度のクマ出没（目撃）状況（栃木県）,HTML table,true,"目撃件数（新聞報道等を集計）: sightings tabulated from newspaper reports, traces and 人身被害 not included. Page footer says 令和８年６月30日現在 but the June cell is still blank. FY2025 row equals the MoE FY2025 row (3,29,27,49,46,31,47,36,15,9,5,8 = 305)."
tochigi,栃木,2026,3,,2026-06-30,https://www.pref.tochigi.lg.jp/d04/choujyuu/r4_kuma_shutubotu.html,令和８年度のクマ出没（目撃）状況（栃木県）,HTML table,true,"目撃件数（新聞報道等を集計）: sightings tabulated from newspaper reports, traces and 人身被害 not included. Page footer says 令和８年６月30日現在 but the June cell is still blank. FY2025 row equals the MoE FY2025 row (3,29,27,49,46,31,47,36,15,9,5,8 = 305)."
