prefecture,fiscal_year,4月,5月,6月,7月,8月,9月,10月,11月,12月,1月,2月,3月,合計,source
三重,2013,0,3,3,1,0,2,0,1,1,1,,,12,wayback-2016-12-23
京都,2013,19,114,129,153,163,130,159,173,30,3,2,2,1077,wayback-2016-12-23
兵庫,2013,13,68,86,69,73,59,70,47,21,4,2,1,513,wayback-2016-12-23
和歌山,2013,0,2,2,5,15,11,3,4,4,0,1,1,48,wayback-2016-12-23
埼玉,2013,1,6,11,7,6,2,3,4,0,0,0,0,40,wayback-2016-12-23
大阪,2013,0,0,0,0,,,0,0,0,0,0,,0,wayback-2016-12-23
奈良,2013,2,1,11,7,6,1,2,1,0,0,0,0,31,wayback-2016-12-23
宮城,2013,13,66,106,104,140,50,13,7,9,2,1,1,512,wayback-2016-12-23
富山,2013,11,16,34,33,12,24,14,8,4,2,1,2,161,wayback-2016-12-23
山口,2013,7,15,8,28,16,19,30,38,7,3,0,3,174,wayback-2016-12-23
山形,2013,7,23,76,46,34,10,6,4,0,0,0,1,207,wayback-2016-12-23
山梨,2013,3,5,21,27,10,14,5,3,3,2,0,1,94,wayback-2016-12-23
岐阜,2013,24,39,96,71,70,34,6,7,6,0,1,4,358,wayback-2016-12-23
岡山,2013,1,8,8,9,12,7,3,8,2,3,,,61,wayback-2016-12-23
岩手,2013,64,234,420,374,506,167,67,43,16,1,1,2,1895,wayback-2016-12-23
島根,2013,31,75,98,113,74,33,56,73,24,1,0,4,582,wayback-2016-12-23
広島,2013,12,31,45,41,34,47,43,48,11,2,0,2,316,wayback-2016-12-23
徳島,2013,0,0,0,0,0,0,0,0,0,0,0,0,0,wayback-2016-12-23
愛媛,2013,0,0,0,0,0,0,0,0,0,0,0,0,0,wayback-2016-12-23
愛知,2013,0,2,3,0,0,4,1,1,0,1,1,0,13,wayback-2016-12-23
新潟,2013,22,46,59,60,42,31,19,11,10,0,0,2,302,wayback-2016-12-23
東京,2013,1,3,3,2,7,2,2,0,,,0,0,20,wayback-2016-12-23
栃木,2013,5,8,18,14,21,6,4,4,0,0,0,0,80,wayback-2016-12-23
滋賀,2013,3,7,12,15,2,5,4,4,0,1,0,1,54,wayback-2016-12-23
石川,2013,7,38,46,19,10,8,11,0,5,0,0,1,145,wayback-2016-12-23
神奈川,2013,6,7,4,5,3,2,3,1,0,1,1,0,33,wayback-2016-12-23
福井,2013,7,23,43,53,15,11,12,5,1,2,0,1,173,wayback-2016-12-23
福島,2013,6,36,63,63,27,9,8,5,8,0,1,0,226,wayback-2016-12-23
秋田,2013,9,45,77,62,43,22,16,7,1,0,0,0,282,wayback-2016-12-23
群馬,2013,6,28,71,117,82,18,6,8,8,1,0,1,346,wayback-2016-12-23
茨城,2013,0,0,0,0,0,0,0,0,0,0,0,0,0,wayback-2016-12-23
計,2013,314,1063,1837,1798,1799,914,615,539,177,31,13,33,9133,wayback-2016-12-23
長野,2013,28,81,218,220,309,163,25,12,4,0,0,0,1060,wayback-2016-12-23
青森,2013,2,20,54,65,52,15,10,3,1,0,0,1,223,wayback-2016-12-23
静岡,2013,2,1,0,1,0,1,2,1,0,0,0,1,9,wayback-2016-12-23
香川,2013,0,0,0,0,0,0,0,0,0,0,0,0,0,wayback-2016-12-23
高知,2013,0,0,0,0,0,0,0,0,0,0,0,0,0,wayback-2016-12-23
鳥取,2013,2,12,12,14,15,7,12,8,1,1,1,1,86,wayback-2016-12-23
三重,2014,0,1,2,2,1,1,2,1,0,2,0,0,12,wayback-2016-12-23
京都,2014,32,73,142,201,302,151,106,47,16,1,1,5,1077,wayback-2016-12-23
兵庫,2014,17,41,93,101,126,87,169,165,27,2,3,0,831,wayback-2016-12-23
和歌山,2014,2,4,6,0,1,5,2,2,1,1,0,2,26,wayback-2016-12-23
埼玉,2014,4,5,5,8,3,16,33,11,1,0,1,0,87,wayback-2016-12-23
大阪,2014,0,1,1,1,1,0,,0,1,0,0,,5,wayback-2016-12-23
奈良,2014,1,3,4,1,2,4,9,3,1,0,0,0,28,wayback-2016-12-23
宮城,2014,20,72,118,228,260,144,30,24,4,2,0,4,906,wayback-2016-12-23
富山,2014,11,17,28,52,37,80,99,52,5,0,1,4,386,wayback-2016-12-23
山口,2014,13,35,27,61,31,27,4,13,5,2,2,3,223,wayback-2016-12-23
山形,2014,6,31,64,67,53,52,28,12,1,0,0,2,316,wayback-2016-12-23
山梨,2014,8,5,21,24,15,17,16,19,2,0,0,2,129,wayback-2016-12-23
岐阜,2014,30,28,116,110,147,376,345,259,21,5,2,7,1446,wayback-2016-12-23
岡山,2014,2,4,11,126,8,8,14,35,7,0,0,0,215,wayback-2016-12-23
岩手,2014,136,383,362,397,463,231,91,36,9,4,1,15,2128,wayback-2016-12-23
島根,2014,26,101,135,59,104,122,31,63,23,0,2,5,671,wayback-2016-12-23
広島,2014,25,39,41,9,69,93,33,46,11,1,0,3,370,wayback-2016-12-23
徳島,2014,0,0,0,0,0,0,0,0,0,0,0,0,0,wayback-2016-12-23
愛媛,2014,0,0,0,0,0,0,0,0,0,0,0,0,0,wayback-2016-12-23
愛知,2014,1,1,2,1,0,1,0,2,1,0,0,0,9,wayback-2016-12-23
新潟,2014,41,93,63,67,116,215,224,79,9,2,1,0,910,wayback-2016-12-23
東京,2014,6,15,11,11,11,20,27,15,5,0,7,1,129,wayback-2016-12-23
栃木,2014,4,5,11,31,30,64,62,7,0,0,0,,214,wayback-2016-12-23
滋賀,2014,3,8,18,9,3,6,67,52,0,0,0,2,168,wayback-2016-12-23
石川,2014,7,24,32,50,34,36,55,10,5,1,1,0,255,wayback-2016-12-23
神奈川,2014,1,2,4,1,2,7,16,27,5,2,2,2,71,wayback-2016-12-23
福井,2014,20,32,82,39,40,121,210,50,7,2,1,5,609,wayback-2016-12-23
福島,2014,27,59,79,92,89,34,20,6,2,1,1,,410,wayback-2016-12-23
秋田,2014,13,79,106,95,49,27,12,4,1,0,0,1,387,wayback-2016-12-23
群馬,2014,12,78,64,67,105,113,52,47,2,1,0,3,544,wayback-2016-12-23
茨城,2014,0,0,0,0,0,0,0,0,0,0,0,0,0,wayback-2016-12-23
計,2014,521,1397,1908,2314,2691,2884,2546,1400,194,31,28,67,15981,wayback-2016-12-23
長野,2014,36,114,175,320,457,787,713,231,12,1,1,1,2848,wayback-2016-12-23
青森,2014,9,28,62,82,59,17,8,6,1,0,1,,273,wayback-2016-12-23
静岡,2014,2,2,2,1,2,4,2,6,2,1,0,0,24,wayback-2016-12-23
香川,2014,0,0,0,0,0,0,0,0,0,0,0,0,0,wayback-2016-12-23
高知,2014,0,0,0,0,0,0,0,0,0,0,0,0,0,wayback-2016-12-23
鳥取,2014,6,14,21,1,71,18,66,70,7,0,0,0,274,wayback-2016-12-23
三重,2015,0,1,2,1,1,1,0,0,2,0,0,0,8,wayback-2016-12-23
京都,2015,34,146,144,130,134,102,409,164,28,3,1,4,1299,wayback-2016-12-23
兵庫,2015,19,68,71,59,70,51,88,46,17,7,0,1,497,wayback-2016-12-23
和歌山,2015,1,1,5,5,7,2,2,0,3,0,0,0,26,wayback-2016-12-23
埼玉,2015,4,4,8,13,2,1,1,1,1,0,0,1,36,wayback-2016-12-23
大阪,2015,0,0,0,0,0,3,0,0,0,0,0,,3,wayback-2016-12-23
奈良,2015,1,1,2,4,9,3,1,0,0,0,0,3,24,wayback-2016-12-23
宮城,2015,34,92,118,97,98,28,16,9,5,1,1,5,504,wayback-2016-12-23
富山,2015,10,15,46,28,21,14,12,5,5,0,1,4,161,wayback-2016-12-23
山口,2015,5,35,26,26,8,22,23,25,5,2,0,1,178,wayback-2016-12-23
山形,2015,9,40,64,56,33,9,8,3,1,0,0,2,225,wayback-2016-12-23
山梨,2015,4,10,27,9,10,4,5,2,2,0,0,3,76,wayback-2016-12-23
岐阜,2015,24,33,113,156,97,31,14,8,4,4,1,7,492,wayback-2016-12-23
岡山,2015,2,7,15,17,8,8,8,11,9,2,0,,87,wayback-2016-12-23
岩手,2015,102,287,332,279,236,63,33,7,14,2,3,12,1370,wayback-2016-12-23
島根,2015,29,81,114,102,56,63,38,26,13,2,0,,524,wayback-2016-12-23
広島,2015,19,55,78,53,67,44,28,22,10,2,1,,379,wayback-2016-12-23
徳島,2015,0,0,0,0,0,0,0,0,0,0,0,0,0,wayback-2016-12-23
愛媛,2015,0,0,0,0,0,0,0,0,0,0,0,0,0,wayback-2016-12-23
愛知,2015,2,0,6,1,1,1,0,0,0,0,1,1,13,wayback-2016-12-23
新潟,2015,29,100,119,83,45,17,27,12,4,3,1,5,445,wayback-2016-12-23
東京,2015,11,25,10,15,5,5,4,1,0,2,1,2,81,wayback-2016-12-23
栃木,2015,1,6,7,16,22,7,3,0,0,0,1,,63,wayback-2016-12-23
滋賀,2015,10,17,29,18,11,6,7,4,1,0,0,0,103,wayback-2016-12-23
石川,2015,5,25,32,59,17,25,14,14,1,0,0,0,192,wayback-2016-12-23
神奈川,2015,2,5,3,14,13,7,13,9,9,3,1,0,79,wayback-2016-12-23
福井,2015,11,53,68,59,15,14,21,23,12,2,0,2,280,wayback-2016-12-23
福島,2015,7,29,60,53,15,31,17,10,1,0,0,,223,wayback-2016-12-23
秋田,2015,10,71,95,96,33,8,6,3,2,0,1,3,328,wayback-2016-12-23
群馬,2015,7,53,116,120,63,18,5,8,4,0,1,1,396,wayback-2016-12-23
茨城,2015,0,0,0,0,0,0,0,0,0,0,0,0,0,wayback-2016-12-23
計,2015,459,1397,2072,1909,1473,696,856,449,171,39,18,58,9597,wayback-2016-12-23
長野,2015,53,102,295,255,303,76,40,24,2,0,2,1,1153,wayback-2016-12-23
青森,2015,13,23,47,58,57,19,9,6,4,3,0,,239,wayback-2016-12-23
静岡,2015,0,2,2,1,3,3,3,1,0,0,0,0,15,wayback-2016-12-23
香川,2015,0,0,0,0,0,0,0,0,0,0,0,0,0,wayback-2016-12-23
高知,2015,0,0,0,0,0,0,0,0,0,0,0,0,0,wayback-2016-12-23
鳥取,2015,1,10,18,26,13,10,1,5,12,1,1,,98,wayback-2016-12-23
三重,2016,2,0,6,5,6,5,4,2,1,1,1,0,33,wayback-2021-04-18
京都,2016,15,87,191,197,152,103,380,305,55,3,4,3,1495,wayback-2021-04-18
兵庫,2016,16,47,76,65,86,44,359,234,46,3,0,2,978,wayback-2021-04-18
千葉,2016,0,0,0,0,0,0,0,0,0,0,0,0,0,wayback-2021-04-18
和歌山,2016,1,8,11,9,15,2,2,5,2,1,1,1,58,wayback-2021-04-18
埼玉,2016,3,10,8,9,10,6,15,9,1,1,0,1,73,wayback-2021-04-18
大阪,2016,0,0,1,1,4,2,1,0,0,0,0,0,9,wayback-2021-04-18
奈良,2016,0,2,3,11,9,0,7,4,4,2,0,0,42,wayback-2021-04-18
宮城,2016,46,162,263,295,239,212,204,176,26,5,1,13,1642,wayback-2021-04-18
富山,2016,3,31,40,25,17,36,102,33,8,2,1,2,300,wayback-2021-04-18
山口,2016,6,34,34,40,18,24,69,76,13,1,2,0,317,wayback-2021-04-18
山形,2016,11,77,190,153,57,40,30,10,5,0,2,1,576,wayback-2021-04-18
山梨,2016,1,17,17,27,19,7,23,9,2,0,0,1,123,wayback-2021-04-18
岐阜,2016,17,40,135,81,63,24,25,15,5,1,4,7,417,wayback-2021-04-18
岡山,2016,10,13,23,24,22,17,81,34,12,1,0,0,237,wayback-2021-04-18
岩手,2016,134,449,775,709,642,165,98,78,6,2,6,6,3070,wayback-2021-04-18
島根,2016,44,101,232,216,113,78,205,254,54,1,2,4,1304,wayback-2021-04-18
広島,2016,16,50,127,115,54,39,148,141,27,0,2,3,722,wayback-2021-04-18
徳島,2016,0,0,0,0,0,0,0,0,0,0,0,0,0,wayback-2021-04-18
愛媛,2016,0,0,0,0,0,0,0,0,0,0,0,0,0,wayback-2021-04-18
愛知,2016,0,0,0,4,1,0,0,0,0,0,0,0,5,wayback-2021-04-18
新潟,2016,40,138,178,143,99,85,150,83,15,4,3,9,947,wayback-2021-04-18
東京,2016,6,17,15,9,18,9,33,41,8,3,1,1,161,wayback-2021-04-18
栃木,2016,0,13,23,25,13,9,2,8,2,0,0,0,95,wayback-2021-04-18
滋賀,2016,4,13,19,11,11,5,5,5,3,0,0,0,76,wayback-2021-04-18
石川,2016,10,49,76,26,19,27,29,8,2,0,0,0,246,wayback-2021-04-18
神奈川,2016,1,9,19,12,7,18,40,69,13,3,1,0,192,wayback-2021-04-18
福井,2016,13,40,61,50,26,34,67,46,9,0,0,2,348,wayback-2021-04-18
福島,2016,14,77,134,69,47,19,27,10,3,1,0,1,402,wayback-2021-04-18
秋田,2016,18,110,278,217,148,61,28,8,0,0,0,0,868,wayback-2021-04-18
群馬,2016,16,66,156,125,108,72,69,34,2,0,0,1,649,wayback-2021-04-18
茨城,2016,0,0,2,0,1,0,0,0,0,0,0,0,3,wayback-2021-04-18
計,2016,506,1880,3626,3240,2520,1418,2589,1855,347,41,32,62,18116,wayback-2021-04-18
長野,2016,50,146,374,348,351,231,145,48,10,3,1,2,1709,wayback-2021-04-18
青森,2016,6,58,121,160,106,17,22,2,3,1,0,2,498,wayback-2021-04-18
静岡,2016,0,2,7,6,3,0,4,1,0,2,0,0,25,wayback-2021-04-18
香川,2016,0,0,0,0,0,0,0,0,0,0,0,0,0,wayback-2021-04-18
高知,2016,0,0,0,1,0,0,0,0,0,0,0,0,1,wayback-2021-04-18
鳥取,2016,3,14,31,52,36,27,215,107,10,0,,0,495,wayback-2021-04-18
三重,2017,2,4,4,2,1,8,2,0,0,1,0,1,25,wayback-2021-04-18
京都,2017,27,139,173,142,106,120,94,35,16,4,1,4,861,wayback-2021-04-18
兵庫,2017,22,80,117,91,61,54,27,17,15,5,1,0,490,wayback-2021-04-18
千葉,2017,0,0,0,0,0,0,0,0,0,0,0,0,0,wayback-2021-04-18
和歌山,2017,2,3,8,2,4,2,2,2,2,1,1,0,29,wayback-2021-04-18
埼玉,2017,2,2,10,4,3,8,0,1,1,0,0,3,34,wayback-2021-04-18
大阪,2017,0,0,1,0,0,3,0,1,0,0,0,0,5,wayback-2021-04-18
奈良,2017,1,3,5,5,9,6,0,0,3,1,0,0,33,wayback-2021-04-18
宮城,2017,28,132,191,186,197,99,21,8,8,1,,8,879,wayback-2021-04-18
富山,2017,11,23,45,30,27,31,28,14,3,2,0,3,217,wayback-2021-04-18
山口,2017,7,25,27,19,20,17,11,3,3,1,1,3,137,wayback-2021-04-18
山形,2017,15,56,108,140,62,44,26,14,3,0,0,1,469,wayback-2021-04-18
山梨,2017,8,16,39,24,19,6,3,5,2,0,0,0,122,wayback-2021-04-18
岐阜,2017,18,54,144,98,105,59,26,20,1,0,3,2,530,wayback-2021-04-18
岡山,2017,4,14,19,22,16,16,14,8,9,4,0,0,126,wayback-2021-04-18
岩手,2017,126,351,641,527,608,186,59,48,16,5,0,8,2575,wayback-2021-04-18
島根,2017,25,135,140,158,116,65,27,22,6,5,0,7,706,wayback-2021-04-18
広島,2017,26,100,122,76,104,78,18,9,8,,,,541,wayback-2021-04-18
徳島,2017,0,0,0,0,0,0,0,0,0,0,0,0,0,wayback-2021-04-18
愛媛,2017,0,0,0,0,0,0,0,0,0,0,0,0,0,wayback-2021-04-18
愛知,2017,0,0,0,4,2,1,1,0,1,0,0,0,9,wayback-2021-04-18
新潟,2017,27,82,177,176,85,82,99,69,3,2,0,6,808,wayback-2021-04-18
東京,2017,6,8,9,26,21,10,3,6,5,0,2,2,98,wayback-2021-04-18
栃木,2017,0,6,16,14,16,1,0,1,0,0,0,1,55,wayback-2021-04-18
滋賀,2017,6,31,33,32,13,13,5,2,1,0,0,1,137,wayback-2021-04-18
石川,2017,4,39,56,45,14,16,15,8,3,0,0,0,200,wayback-2021-04-18
神奈川,2017,6,5,16,6,5,11,2,5,3,0,2,,61,wayback-2021-04-18
福井,2017,14,48,129,60,32,30,19,17,3,1,0,1,354,wayback-2021-04-18
福島,2017,17,39,90,66,68,24,8,2,0,1,2,1,318,wayback-2021-04-18
秋田,2017,15,103,306,319,220,140,154,32,9,1,3,1,1303,wayback-2021-04-18
群馬,2017,29,75,98,117,83,39,13,18,8,1,0,3,484,wayback-2021-04-18
茨城,2017,0,0,0,0,0,0,0,0,0,0,0,0,0,wayback-2021-04-18
計,2017,479,1655,2934,2670,2279,1347,771,411,141,43,20,62,12812,wayback-2021-04-18
長野,2017,11,20,91,151,152,133,22,15,3,1,0,1,600,wayback-2021-04-18
青森,2017,10,37,73,97,80,31,61,26,1,4,0,4,424,wayback-2021-04-18
静岡,2017,1,1,5,2,1,4,3,1,1,1,4,0,24,wayback-2021-04-18
香川,2017,0,0,0,0,0,0,0,0,0,0,0,0,0,wayback-2021-04-18
高知,2017,0,0,0,0,0,0,0,0,0,0,0,0,0,wayback-2021-04-18
鳥取,2017,9,24,41,29,29,10,8,2,4,1,,1,158,wayback-2021-04-18
三重,2018,0,4,5,2,4,3,3,0,0,1,0,0,22,wayback-2022-06-30
京都,2018,40,110,218,180,127,118,134,125,37,4,2,1,1096,wayback-2022-06-30
兵庫,2018,26,85,126,68,77,36,98,95,19,3,2,3,638,wayback-2022-06-30
千葉,2018,0,0,0,0,0,0,0,0,0,0,0,0,0,wayback-2022-06-30
和歌山,2018,0,5,11,5,6,3,1,1,2,2,4,2,42,wayback-2022-06-30
埼玉,2018,2,4,9,6,2,4,3,3,0,0,1,0,34,wayback-2022-06-30
大阪,2018,0,2,0,0,3,0,0,0,0,0,0,0,5,wayback-2022-06-30
奈良,2018,0,0,1,6,0,0,1,2,0,0,0,0,10,wayback-2022-06-30
宮城,2018,40,217,232,222,142,67,53,37,13,4,3,6,1036,wayback-2022-06-30
富山,2018,10,6,49,34,15,12,11,5,2,0,0,0,144,wayback-2022-06-30
山口,2018,11,33,27,25,15,19,55,36,11,2,0,1,235,wayback-2022-06-30
山形,2018,19,48,85,83,46,10,15,12,4,0,0,2,324,wayback-2022-06-30
山梨,2018,3,23,28,22,11,8,8,3,2,1,0,0,109,wayback-2022-06-30
岐阜,2018,12,46,115,57,27,13,5,5,2,2,1,1,286,wayback-2022-06-30
岡山,2018,10,34,44,34,21,15,11,7,1,2,1,6,186,wayback-2022-06-30
岩手,2018,121,432,635,501,618,154,69,46,14,2,4,16,2612,wayback-2022-06-30
島根,2018,43,101,163,125,59,46,39,92,26,3,2,9,708,wayback-2022-06-30
広島,2018,22,105,97,60,36,37,29,57,14,2,2,2,463,wayback-2022-06-30
徳島,2018,0,0,0,0,0,0,0,0,0,0,0,0,0,wayback-2022-06-30
愛媛,2018,0,0,0,0,0,0,0,0,0,0,0,0,0,wayback-2022-06-30
愛知,2018,0,1,4,0,0,0,0,0,0,1,0,0,6,wayback-2022-06-30
新潟,2018,35,129,164,116,69,24,28,20,7,1,0,4,597,wayback-2022-06-30
東京,2018,6,10,11,12,9,3,2,5,1,0,1,5,65,wayback-2022-06-30
栃木,2018,1,7,10,19,16,5,0,1,0,1,0,0,60,wayback-2022-06-30
滋賀,2018,3,27,19,16,10,5,7,4,0,1,2,0,94,wayback-2022-06-30
石川,2018,10,24,68,29,15,15,14,1,2,2,0,3,183,wayback-2022-06-30
神奈川,2018,4,10,25,7,5,9,6,6,2,2,3,3,82,wayback-2022-06-30
福井,2018,10,43,95,83,32,20,31,15,7,2,1,2,341,wayback-2022-06-30
福島,2018,9,104,172,95,76,26,8,16,4,0,1,1,512,wayback-2022-06-30
秋田,2018,37,141,280,252,156,31,14,5,3,0,0,1,920,wayback-2022-06-30
群馬,2018,34,116,121,107,106,49,27,15,4,2,1,3,585,wayback-2022-06-30
茨城,2018,0,0,0,0,0,0,0,0,0,0,0,0,0,wayback-2022-06-30
計,2018,548,2056,3113,2503,2023,812,727,666,198,42,38,83,12809,wayback-2022-06-30
長野,2018,22,92,183,158,182,55,23,18,9,0,3,4,749,wayback-2022-06-30
青森,2018,10,46,69,126,114,8,14,3,2,0,1,2,395,wayback-2022-06-30
静岡,2018,4,9,5,7,5,3,3,5,2,2,2,6,53,wayback-2022-06-30
香川,2018,0,0,0,0,0,0,0,0,0,0,0,0,0,wayback-2022-06-30
高知,2018,0,0,0,0,0,0,0,0,0,0,0,0,0,wayback-2022-06-30
鳥取,2018,4,42,42,46,19,14,15,26,8,0,1,0,217,wayback-2022-06-30
三重,2019,0,0,2,1,2,2,5,5,6,0,3,0,26,wayback-2022-06-30
京都,2019,41,108,185,196,199,143,284,253,39,5,0,7,1460,wayback-2022-06-30
兵庫,2019,14,61,86,89,114,73,167,133,22,2,3,6,770,wayback-2022-06-30
千葉,2019,0,0,0,0,0,0,0,0,0,0,0,0,0,wayback-2022-06-30
和歌山,2019,1,4,4,3,6,5,2,5,14,1,0,0,45,wayback-2022-06-30
埼玉,2019,1,3,12,12,14,6,8,7,0,0,0,0,63,wayback-2022-06-30
大阪,2019,0,0,0,0,0,1,0,0,0,1,0,0,2,wayback-2022-06-30
奈良,2019,1,0,10,11,24,8,3,6,2,0,0,3,68,wayback-2022-06-30
宮城,2019,44,104,121,222,155,90,52,62,18,4,6,5,883,wayback-2022-06-30
富山,2019,6,24,36,41,26,117,413,231,25,5,8,0,932,wayback-2022-06-30
山口,2019,5,69,33,27,22,33,19,12,7,1,0,3,231,wayback-2022-06-30
山形,2019,11,38,93,101,56,75,46,26,2,5,3,1,457,wayback-2022-06-30
山梨,2019,7,14,30,27,26,34,35,24,7,1,2,3,210,wayback-2022-06-30
岐阜,2019,14,37,135,171,109,131,119,84,28,11,11,3,853,wayback-2022-06-30
岡山,2019,4,13,21,20,30,18,21,74,14,4,0,3,222,wayback-2022-06-30
岩手,2019,128,363,594,639,589,321,65,49,19,9,6,24,2806,wayback-2022-06-30
島根,2019,26,150,158,140,140,93,50,36,24,3,2,12,834,wayback-2022-06-30
広島,2019,11,80,111,101,140,102,40,38,15,6,2,1,647,wayback-2022-06-30
徳島,2019,0,0,0,0,0,0,0,0,0,0,0,0,0,wayback-2022-06-30
愛媛,2019,0,0,0,0,0,0,0,0,0,0,0,0,0,wayback-2022-06-30
愛知,2019,0,0,0,3,0,4,6,10,4,0,0,0,27,wayback-2022-06-30
新潟,2019,28,93,157,129,89,150,447,309,41,7,3,5,1458,wayback-2022-06-30
東京,2019,4,10,18,17,12,17,21,24,1,8,1,3,136,wayback-2022-06-30
栃木,2019,2,1,25,37,19,6,6,7,3,0,0,1,107,wayback-2022-06-30
滋賀,2019,1,11,35,21,8,8,20,13,0,0,0,0,117,wayback-2022-06-30
石川,2019,5,43,87,50,20,29,74,33,4,1,1,0,347,wayback-2022-06-30
神奈川,2019,4,16,10,21,24,73,129,90,0,0,4,0,371,wayback-2022-06-30
福井,2019,9,68,137,69,30,78,297,186,30,5,2,3,914,wayback-2022-06-30
福島,2019,30,80,113,164,79,45,22,16,3,3,1,2,558,wayback-2022-06-30
秋田,2019,10,82,148,162,100,93,40,29,5,1,0,2,672,wayback-2022-06-30
群馬,2019,8,65,255,296,177,123,56,47,8,1,2,1,1039,wayback-2022-06-30
茨城,2019,0,0,0,0,0,0,0,0,0,0,0,0,0,wayback-2022-06-30
計,2019,446,1651,2929,3205,2663,2159,2679,1951,374,100,63,97,18317,wayback-2022-06-30
長野,2019,18,64,196,291,334,207,125,68,16,8,2,3,1332,wayback-2022-06-30
青森,2019,6,26,78,112,76,55,68,16,3,7,1,2,450,wayback-2022-06-30
静岡,2019,1,3,3,3,2,3,2,2,1,0,0,0,20,wayback-2022-06-30
香川,2019,0,0,0,0,0,0,0,0,0,0,0,0,0,wayback-2022-06-30
高知,2019,0,0,0,0,0,0,0,0,0,0,0,0,0,wayback-2022-06-30
鳥取,2019,6,21,36,29,41,16,37,56,13,1,0,4,260,wayback-2022-06-30
三重,2020,0,2,0,4,5,3,3,2,5,1,0,0,25,wayback-2022-06-30
京都,2020,13,84,140,179,231,104,158,122,64,6,1,7,1109,wayback-2022-06-30
兵庫,2020,22,39,46,72,78,61,68,74,14,0,0,0,474,wayback-2022-06-30
千葉,2020,0,0,0,0,0,0,0,0,0,0,0,0,0,wayback-2022-06-30
和歌山,2020,0,1,2,1,4,6,5,1,1,0,0,0,21,wayback-2022-06-30
埼玉,2020,1,9,11,15,7,4,5,4,3,0,0,4,63,wayback-2022-06-30
大阪,2020,0,0,0,0,1,0,0,0,0,0,0,0,1,wayback-2022-06-30
奈良,2020,0,5,2,19,6,5,10,5,0,1,0,0,53,wayback-2022-06-30
宮城,2020,46,114,152,183,218,147,216,180,13,3,14,11,1297,wayback-2022-06-30
富山,2020,11,33,73,44,58,86,200,77,4,1,0,1,588,wayback-2022-06-30
山口,2020,7,28,46,47,40,71,98,20,2,3,1,3,366,wayback-2022-06-30
山形,2020,9,42,96,98,79,96,261,91,14,3,3,1,793,wayback-2022-06-30
山梨,2020,11,9,24,42,20,11,20,6,2,0,3,2,150,wayback-2022-06-30
岐阜,2020,45,48,158,129,77,76,40,31,0,1,0,3,608,wayback-2022-06-30
岡山,2020,10,17,14,19,25,12,29,37,6,0,1,0,170,wayback-2022-06-30
岩手,2020,149,373,619,613,741,374,275,145,10,4,2,11,3316,wayback-2022-06-30
島根,2020,38,162,198,182,161,130,237,195,45,4,2,8,1362,wayback-2022-06-30
広島,2020,17,102,140,128,120,112,337,224,18,4,9,8,1219,wayback-2022-06-30
徳島,2020,0,0,0,0,0,0,0,0,0,0,0,0,0,wayback-2022-06-30
愛媛,2020,0,0,0,0,0,0,0,0,0,0,0,0,0,wayback-2022-06-30
愛知,2020,0,0,2,1,3,5,3,5,3,0,0,0,22,wayback-2022-06-30
新潟,2020,25,83,118,109,125,281,804,351,38,7,7,9,1957,wayback-2022-06-30
東京,2020,2,2,9,10,24,5,11,6,7,1,1,1,79,wayback-2022-06-30
栃木,2020,4,13,9,10,21,11,26,12,2,2,8,1,119,wayback-2022-06-30
滋賀,2020,1,11,22,22,9,6,14,9,6,0,0,4,104,wayback-2022-06-30
石川,2020,6,48,82,55,22,99,378,166,11,2,0,3,872,wayback-2022-06-30
神奈川,2020,2,3,4,9,12,7,21,10,11,1,1,0,81,wayback-2022-06-30
福井,2020,10,44,138,102,89,136,435,205,25,4,5,6,1199,wayback-2022-06-30
福島,2020,12,60,82,120,107,59,102,50,4,1,3,3,603,wayback-2022-06-30
秋田,2020,17,77,198,204,193,70,116,43,8,0,2,3,931,wayback-2022-06-30
群馬,2020,27,79,159,165,255,194,173,88,18,3,2,8,1171,wayback-2022-06-30
茨城,2020,0,0,0,0,0,0,0,0,0,0,0,0,0,wayback-2022-06-30
計,2020,515,1622,2814,2994,3303,2539,4213,2288,367,59,71,102,20887,wayback-2022-06-30
長野,2020,16,50,151,264,411,309,126,86,14,3,2,5,1437,wayback-2022-06-30
青森,2020,7,64,80,103,108,37,15,6,3,0,0,0,423,wayback-2022-06-30
静岡,2020,2,4,4,5,6,7,6,3,1,1,1,0,40,wayback-2022-06-30
香川,2020,0,0,0,0,0,0,0,0,0,0,0,0,0,wayback-2022-06-30
高知,2020,0,0,0,0,0,0,0,0,0,0,0,0,0,wayback-2022-06-30
鳥取,2020,5,16,35,40,47,15,21,34,15,3,3,0,234,wayback-2022-06-30
三重,2021,1,0,2,1,5,1,0,1,0,0,1,0,12,wayback-2022-06-30
京都,2021,37,114,85,97,78,93,181,133,48,4,1,5,878,wayback-2022-06-30
兵庫,2021,25,41,46,65,40,45,154,141,19,7,3,3,586,wayback-2022-06-30
千葉,2021,0,0,0,0,0,0,0,0,0,0,0,0,0,wayback-2022-06-30
和歌山,2021,4,9,11,13,9,6,3,8,10,2,0,4,75,wayback-2022-06-30
埼玉,2021,3,9,4,13,5,4,4,3,4,1,2,3,56,wayback-2022-06-30
大阪,2021,1,1,0,2,1,0,0,1,0,0,0,0,6,wayback-2022-06-30
奈良,2021,0,2,2,4,5,1,2,3,1,0,0,0,20,wayback-2022-06-30
宮城,2021,24,123,184,137,88,42,41,20,5,2,6,8,683,wayback-2022-06-30
富山,2021,11,24,42,34,16,11,18,40,5,0,2,1,204,wayback-2022-06-30
山口,2021,10,22,34,43,18,26,104,62,14,1,2,3,339,wayback-2022-06-30
山形,2021,9,33,71,80,53,13,16,7,2,0,0,0,285,wayback-2022-06-30
山梨,2021,8,30,30,37,9,10,13,9,4,1,1,2,154,wayback-2022-06-30
岐阜,2021,11,22,72,62,53,31,17,11,6,4,2,5,294,wayback-2022-06-30
岡山,2021,5,13,15,15,17,10,45,49,5,0,1,0,175,wayback-2022-06-30
岩手,2021,184,392,593,519,501,206,120,53,18,4,3,1,2604,wayback-2022-06-30
島根,2021,28,92,111,118,62,71,136,117,31,5,1,6,780,wayback-2022-06-30
広島,2021,20,70,87,72,42,77,127,141,33,3,8,2,688,wayback-2022-06-30
徳島,2021,0,0,0,0,0,0,0,0,0,0,0,0,0,wayback-2022-06-30
愛媛,2021,0,0,0,0,0,0,0,0,0,0,0,0,0,wayback-2022-06-30
愛知,2021,1,1,1,1,0,0,0,2,6,0,0,0,12,wayback-2022-06-30
新潟,2021,30,113,143,145,84,52,51,50,22,1,1,3,701,wayback-2022-06-30
東京,2021,3,4,8,9,15,5,8,11,1,3,2,1,70,wayback-2022-06-30
栃木,2021,1,9,11,12,6,5,2,0,0,1,0,0,48,wayback-2022-06-30
滋賀,2021,6,9,10,13,8,2,2,2,2,0,0,1,58,wayback-2022-06-30
石川,2021,6,37,76,46,23,11,14,9,4,0,0,4,229,wayback-2022-06-30
神奈川,2021,1,10,15,9,3,4,14,10,4,1,4,2,75,wayback-2022-06-30
福井,2021,20,67,88,63,27,33,41,35,20,2,3,4,405,wayback-2022-06-30
福島,2021,11,49,69,90,54,11,8,4,2,0,2,3,303,wayback-2022-06-30
秋田,2021,23,94,157,213,143,95,100,31,5,0,1,2,865,wayback-2022-06-30
群馬,2021,22,65,109,100,62,28,21,5,3,2,1,3,426,wayback-2022-06-30
茨城,2021,0,0,0,0,0,0,0,0,0,0,0,0,0,wayback-2022-06-30
計,2021,537,1612,2412,2406,1762,1073,1393,1062,310,47,50,71,12766,wayback-2022-06-30
長野,2021,16,78,210,266,205,116,83,62,20,1,0,2,1062,wayback-2022-06-30
青森,2021,8,38,105,98,110,44,21,9,3,0,1,1,437,wayback-2022-06-30
静岡,2021,1,28,8,7,6,5,13,4,7,2,1,0,82,wayback-2022-06-30
香川,2021,0,0,0,0,0,0,0,0,0,0,0,0,0,wayback-2022-06-30
高知,2021,0,0,0,0,0,0,0,0,0,0,0,0,0,wayback-2022-06-30
鳥取,2021,7,13,13,22,14,15,34,29,6,0,1,2,154,wayback-2022-06-30
三重,2022,0,2,4,3,3,3,1,0,2,0,0,1,19,live-2026-08-06
京都,2022,26,71,117,94,89,149,258,140,39,4,1,0,988,live-2026-08-06
兵庫,2022,4,41,52,51,65,38,154,79,15,1,2,7,509,live-2026-08-06
千葉,2022,0,,,,,,,,,,,,0,wayback-2022-06-30
和歌山,2022,3,8,10,15,6,5,3,1,1,2,2,1,57,live-2026-08-06
埼玉,2022,4,4,16,6,15,5,6,8,3,3,6,2,78,live-2026-08-06
大阪,2022,1,2,2,1,0,0,1,0,0,0,0,0,7,live-2026-08-06
奈良,2022,1,5,12,5,14,12,12,4,1,0,2,2,70,live-2026-08-06
宮城,2022,34,99,104,77,105,63,30,8,8,3,8,10,549,live-2026-08-06
富山,2022,12,23,64,39,18,31,22,6,3,0,1,4,223,live-2026-08-06
山口,2022,12,32,36,28,26,38,52,22,5,1,0,2,254,live-2026-08-06
山形,2022,8,56,123,105,41,23,11,6,1,1,0,2,377,live-2026-08-06
山梨,2022,1,11,36,20,12,13,9,8,2,1,4,0,117,live-2026-08-06
岐阜,2022,15,19,60,48,57,22,11,7,7,0,2,2,250,live-2026-08-06
岡山,2022,6,7,17,10,21,14,31,15,4,2,0,0,127,live-2026-08-06
岩手,2022,110,353,588,413,450,135,51,38,18,4,3,16,2179,live-2026-08-06
島根,2022,23,120,92,87,74,75,56,21,17,5,2,9,581,live-2026-08-06
広島,2022,17,48,70,58,62,49,90,65,8,5,3,8,483,live-2026-08-06
徳島,2022,0,,,,,,,,,,,,0,wayback-2022-06-30
愛媛,2022,0,,,,,,,,,,,,0,wayback-2022-06-30
愛知,2022,0,0,1,5,3,0,1,1,9,0,0,0,20,live-2026-08-06
新潟,2022,29,99,134,120,104,47,37,16,5,2,0,6,599,live-2026-08-06
東京,2022,4,9,14,21,21,10,5,5,4,0,1,2,96,live-2026-08-06
栃木,2022,1,3,9,39,24,6,4,0,1,0,1,0,88,live-2026-08-06
滋賀,2022,0,7,8,6,4,8,11,8,0,0,0,0,52,live-2026-08-06
石川,2022,23,57,69,40,18,9,18,5,1,1,0,7,248,live-2026-08-06
神奈川,2022,1,5,10,10,6,12,9,16,6,0,1,0,76,live-2026-08-06
福井,2022,11,61,95,33,20,25,39,21,0,1,3,4,313,live-2026-08-06
福島,2022,23,67,100,72,75,27,9,8,1,0,3,0,385,live-2026-08-06
秋田,2022,19,104,260,197,91,40,11,4,1,0,1,2,730,live-2026-08-06
群馬,2022,16,62,92,104,119,53,12,9,2,0,1,3,473,live-2026-08-06
茨城,2022,0,,,,,,,,,,,,0,wayback-2022-06-30
計,2022,437,1526,2413,1939,1809,1050,1026,562,183,42,51,98,11136,live-2026-08-06
長野,2022,20,56,124,147,211,113,50,26,9,3,3,8,770,live-2026-08-06
青森,2022,9,74,69,66,40,15,12,5,2,1,0,0,293,live-2026-08-06
静岡,2022,2,4,4,2,2,1,3,1,0,1,1,0,21,live-2026-08-06
香川,2022,0,,,,,,,,,,,,0,wayback-2022-06-30
高知,2022,0,,,,,,,,,,,,0,wayback-2022-06-30
鳥取,2022,2,17,21,17,13,9,7,9,8,1,0,0,104,live-2026-08-06
三重,2023,0,1,5,5,1,3,8,11,4,1,1,0,40,live-2026-08-06
京都,2023,29,147,91,125,68,67,105,145,66,18,3,4,868,live-2026-08-06
兵庫,2023,16,53,80,64,35,20,64,128,56,3,1,4,524,live-2026-08-06
和歌山,2023,1,3,4,10,3,5,8,5,3,3,2,0,47,live-2026-08-06
埼玉,2023,8,6,14,17,16,17,20,25,11,7,1,2,144,live-2026-08-06
大阪,2023,0,0,1,2,0,1,2,4,0,0,1,0,11,live-2026-08-06
奈良,2023,3,8,7,11,2,1,7,13,5,1,0,0,58,live-2026-08-06
宮城,2023,25,96,132,158,95,119,275,344,76,15,10,12,1357,live-2026-08-06
富山,2023,6,30,62,33,16,33,257,176,18,2,3,5,641,live-2026-08-06
山口,2023,13,53,32,40,22,44,125,82,16,7,5,5,444,live-2026-08-06
山形,2023,14,93,137,115,66,101,139,81,16,6,1,3,772,live-2026-08-06
山梨,2023,4,14,25,33,15,16,27,30,5,1,0,2,172,live-2026-08-06
岐阜,2023,16,52,158,101,73,63,107,57,17,7,6,3,660,live-2026-08-06
岡山,2023,6,7,11,14,6,7,30,26,9,2,0,1,119,live-2026-08-06
岩手,2023,212,534,896,675,561,653,1627,584,76,15,16,28,5877,live-2026-08-06
島根,2023,35,139,147,141,71,47,153,158,40,11,12,10,964,live-2026-08-06
広島,2023,12,56,77,56,30,50,220,175,32,7,4,5,724,live-2026-08-06
徳島,2023,0,0,0,1,0,0,0,0,0,0,0,0,1,live-2026-08-06
愛媛,2023,0,0,0,0,0,0,0,0,0,0,0,0,0,live-2026-08-06
愛知,2023,4,2,2,6,0,0,1,3,0,0,0,1,19,live-2026-08-06
新潟,2023,33,87,150,158,98,174,372,281,60,22,5,10,1450,live-2026-08-06
東京,2023,4,10,8,16,7,6,12,30,13,4,1,3,114,live-2026-08-06
栃木,2023,7,12,31,20,26,18,14,6,6,0,0,2,142,live-2026-08-06
滋賀,2023,2,10,22,19,5,7,7,13,6,0,0,1,92,live-2026-08-06
石川,2023,5,29,40,38,11,18,80,30,21,1,2,1,276,live-2026-08-06
神奈川,2023,1,7,4,10,14,1,10,18,10,0,3,2,80,live-2026-08-06
福井,2023,11,50,85,56,30,62,197,211,51,8,3,2,766,live-2026-08-06
福島,2023,18,79,119,130,98,64,68,87,21,9,8,8,709,live-2026-08-06
秋田,2023,27,142,215,255,253,636,1472,583,80,15,20,25,3723,live-2026-08-06
群馬,2023,21,84,119,95,69,70,128,97,19,7,4,2,715,live-2026-08-06
茨城,2023,0,0,0,0,0,0,0,0,0,0,0,0,0,live-2026-08-06
計,2023,593,1974,3124,2845,2169,2686,5983,3700,805,190,127,152,24348,live-2026-08-06
長野,2023,25,68,288,235,275,209,156,117,23,5,3,2,1406,live-2026-08-06
青森,2023,24,83,140,171,193,161,236,109,15,3,5,6,1146,live-2026-08-06
静岡,2023,3,9,6,10,2,2,27,34,15,8,3,2,121,live-2026-08-06
香川,2023,0,0,0,0,0,0,0,0,0,0,0,0,0,live-2026-08-06
高知,2023,0,1,0,0,0,0,1,0,0,0,0,0,2,live-2026-08-06
鳥取,2023,8,9,16,25,8,11,28,37,15,2,4,1,164,live-2026-08-06
三重,2024,4,7,27,22,25,27,24,14,10,2,0,0,162,live-2026-08-06
京都,2024,32,224,322,273,330,296,243,104,62,3,8,11,1908,live-2026-08-06
兵庫,2024,18,72,141,107,138,167,285,148,42,4,1,5,1128,live-2026-08-06
和歌山,2024,4,13,23,22,19,37,22,27,9,0,2,2,180,live-2026-08-06
埼玉,2024,2,7,16,25,24,7,8,7,4,1,3,4,108,live-2026-08-06
大阪,2024,0,3,0,0,1,4,3,1,0,1,1,1,15,live-2026-08-06
奈良,2024,4,14,32,18,8,25,13,3,14,7,3,2,143,live-2026-08-06
宮城,2024,32,91,199,155,106,82,48,15,28,12,13,19,800,live-2026-08-06
富山,2024,10,32,85,43,45,45,30,23,10,0,0,3,326,live-2026-08-06
山口,2024,22,71,91,65,68,130,226,93,20,5,6,2,799,live-2026-08-06
山形,2024,16,46,83,95,53,10,5,2,28,7,6,6,357,live-2026-08-06
山梨,2024,8,25,83,53,37,35,33,31,4,4,1,1,315,live-2026-08-06
岐阜,2024,30,50,234,142,50,54,73,23,9,5,4,0,674,live-2026-08-06
岡山,2024,3,13,17,12,15,15,38,19,2,0,0,0,134,live-2026-08-06
岩手,2024,170,561,708,554,438,142,105,79,74,17,9,26,2883,live-2026-08-06
島根,2024,46,218,307,175,219,190,193,146,47,5,8,7,1561,live-2026-08-06
広島,2024,21,70,126,90,88,64,180,121,16,5,4,4,789,live-2026-08-06
徳島,2024,1,0,1,2,1,0,2,0,0,0,0,0,7,live-2026-08-06
愛媛,2024,0,0,0,0,0,0,0,0,0,0,0,0,0,live-2026-08-06
愛知,2024,0,0,7,7,2,2,1,0,0,0,0,0,19,live-2026-08-06
新潟,2024,45,122,189,170,134,84,70,59,30,15,4,3,925,live-2026-08-06
東京,2024,6,14,60,46,15,18,8,5,7,2,0,0,181,live-2026-08-06
栃木,2024,4,30,84,53,49,16,10,2,2,1,3,1,255,live-2026-08-06
滋賀,2024,2,10,29,16,15,22,64,8,3,2,3,4,178,live-2026-08-06
石川,2024,5,40,90,75,21,28,114,35,8,4,1,3,424,live-2026-08-06
神奈川,2024,5,8,23,9,15,15,18,22,4,0,2,1,122,live-2026-08-06
福井,2024,27,116,267,93,51,84,157,61,32,3,4,2,897,live-2026-08-06
福島,2024,19,96,189,114,102,37,15,14,21,2,4,5,618,live-2026-08-06
秋田,2024,70,175,208,204,222,83,37,63,115,133,7,23,1340,live-2026-08-06
群馬,2024,21,95,219,131,107,51,27,17,9,0,1,0,678,live-2026-08-06
茨城,2024,0,0,0,0,0,0,0,0,0,0,0,0,0,live-2026-08-06
計,2024,689,2453,4459,3260,2917,2054,2235,1283,636,264,120,143,20513,live-2026-08-06
長野,2024,20,107,347,273,348,203,67,49,8,4,2,2,1430,live-2026-08-06
青森,2024,29,96,189,157,131,47,21,20,5,13,15,2,725,live-2026-08-06
静岡,2024,4,9,36,32,13,13,19,10,9,5,4,2,156,live-2026-08-06
香川,2024,0,0,0,0,0,0,0,0,0,0,0,0,0,live-2026-08-06
高知,2024,2,2,0,0,0,0,0,0,0,0,0,0,4,live-2026-08-06
鳥取,2024,7,16,27,27,27,21,76,62,4,2,1,2,272,live-2026-08-06
三重,2025,5,2,17,12,9,8,12,15,4,8,3,3,98,live-2026-08-06
京都,2025,48,160,140,157,129,122,190,184,55,29,8,19,1241,live-2026-08-06
兵庫,2025,39,121,53,80,49,59,45,32,12,10,3,7,510,live-2026-08-06
和歌山,2025,5,5,9,10,18,10,8,15,9,3,6,1,99,live-2026-08-06
埼玉,2025,10,12,18,14,13,9,44,30,13,4,3,2,172,live-2026-08-06
大阪,2025,1,1,1,2,5,6,3,5,1,0,0,0,25,live-2026-08-06
奈良,2025,1,16,24,14,15,12,16,19,20,4,2,4,147,live-2026-08-06
宮城,2025,26,111,151,250,225,241,1239,969,214,71,33,29,3559,live-2026-08-06
富山,2025,10,25,58,68,45,75,421,313,41,3,2,7,1068,live-2026-08-06
山口,2025,17,40,26,58,47,25,76,77,30,9,1,2,408,live-2026-08-06
山形,2025,35,134,278,351,277,375,870,612,128,35,8,21,3124,live-2026-08-06
山梨,2025,4,24,70,52,42,22,33,62,28,5,4,6,352,live-2026-08-06
岐阜,2025,31,69,133,125,87,136,310,155,35,16,3,4,1104,live-2026-08-06
岡山,2025,1,6,5,9,5,4,2,0,1,5,3,1,42,live-2026-08-06
岩手,2025,224,534,825,1056,871,1052,3088,1620,272,75,53,69,9739,live-2026-08-06
島根,2025,23,135,124,150,85,55,104,113,60,17,7,18,891,live-2026-08-06
広島,2025,21,44,76,64,42,46,107,125,47,10,3,7,592,live-2026-08-06
徳島,2025,0,0,3,2,0,0,1,0,1,0,0,0,7,live-2026-08-06
愛媛,2025,0,0,0,0,0,0,0,0,0,0,0,0,0,live-2026-08-06
愛知,2025,0,0,4,5,0,3,3,4,1,2,0,0,22,live-2026-08-06
新潟,2025,27,151,214,246,180,435,1103,916,190,33,18,15,3528,live-2026-08-06
東京,2025,3,18,15,39,29,25,32,29,16,1,3,2,212,live-2026-08-06
栃木,2025,3,29,27,49,46,31,47,36,15,9,5,8,305,live-2026-08-06
滋賀,2025,5,12,28,16,12,8,13,28,14,2,1,1,140,live-2026-08-06
石川,2025,9,30,97,47,30,13,91,53,13,0,1,0,384,live-2026-08-06
神奈川,2025,2,13,10,9,8,7,10,14,5,9,3,1,91,live-2026-08-06
福井,2025,35,90,115,102,40,62,204,216,53,19,10,4,950,live-2026-08-06
福島,2025,29,93,172,188,179,187,556,491,71,30,18,33,2047,live-2026-08-06
秋田,2025,85,397,825,1055,766,926,5810,3333,312,30,24,29,13592,live-2026-08-06
群馬,2025,20,52,103,109,109,117,519,289,57,13,5,5,1398,live-2026-08-06
茨城,2025,0,0,1,0,0,0,0,0,0,0,0,0,1,live-2026-08-06
計,2025,800,2528,4227,5161,4069,4766,15998,10338,1851,484,250,329,50801,live-2026-08-06
長野,2025,25,59,226,200,183,176,219,174,42,9,4,7,1324,live-2026-08-06
青森,2025,46,134,358,581,493,505,770,354,54,10,11,18,3334,live-2026-08-06
静岡,2025,7,4,13,21,16,8,38,43,30,11,4,5,200,live-2026-08-06
香川,2025,0,0,0,0,0,0,0,0,0,0,0,0,0,live-2026-08-06
高知,2025,0,0,0,0,0,0,0,0,0,0,0,0,0,live-2026-08-06
鳥取,2025,3,7,8,20,14,6,14,12,7,2,1,1,95,live-2026-08-06
三重,2026,1,8,18,,,,,,,,,,27,live-2026-08-06
京都,2026,70,235,267,,,,,,,,,,572,live-2026-08-06
兵庫,2026,33,117,158,,,,,,,,,,308,live-2026-08-06
和歌山,2026,5,10,25,,,,,,,,,,40,live-2026-08-06
埼玉,2026,4,17,27,,,,,,,,,,48,live-2026-08-06
大阪,2026,0,1,8,,,,,,,,,,9,live-2026-08-06
奈良,2026,4,9,21,,,,,,,,,,34,live-2026-08-06
宮城,2026,141,318,346,,,,,,,,,,805,live-2026-08-06
富山,2026,19,40,95,,,,,,,,,,154,live-2026-08-06
山口,2026,26,65,56,,,,,,,,,,147,live-2026-08-06
山形,2026,56,169,298,,,,,,,,,,523,live-2026-08-06
山梨,2026,16,33,52,,,,,,,,,,101,live-2026-08-06
岐阜,2026,52,143,216,,,,,,,,,,411,live-2026-08-06
岡山,2026,18,12,12,,,,,,,,,,42,live-2026-08-06
岩手,2026,376,934,1666,,,,,,,,,,2976,live-2026-08-06
島根,2026,94,285,218,,,,,,,,,,597,live-2026-08-06
広島,2026,26,138,120,,,,,,,,,,284,live-2026-08-06
徳島,2026,0,1,0,,,,,,,,,,1,live-2026-08-06
愛媛,2026,0,0,0,,,,,,,,,,0,live-2026-08-06
愛知,2026,7,13,8,,,,,,,,,,28,live-2026-08-06
新潟,2026,67,159,213,,,,,,,,,,439,live-2026-08-06
東京,2026,10,18,19,,,,,,,,,,47,live-2026-08-06
栃木,2026,23,40,86,,,,,,,,,,149,live-2026-08-06
滋賀,2026,10,25,31,,,,,,,,,,66,live-2026-08-06
石川,2026,10,64,69,,,,,,,,,,143,live-2026-08-06
神奈川,2026,2,8,6,,,,,,,,,,16,live-2026-08-06
福井,2026,27,125,173,,,,,,,,,,325,live-2026-08-06
福島,2026,112,192,285,,,,,,,,,,589,live-2026-08-06
秋田,2026,395,844,868,,,,,,,,,,2107,live-2026-08-06
群馬,2026,29,113,231,,,,,,,,,,373,live-2026-08-06
茨城,2026,0,0,0,,,,,,,,,,0,live-2026-08-06
計,2026,1787,4581,6260,0,0,0,0,0,0,0,0,0,12628,live-2026-08-06
長野,2026,30,119,345,,,,,,,,,,494,live-2026-08-06
青森,2026,111,262,275,,,,,,,,,,648,live-2026-08-06
静岡,2026,8,33,19,,,,,,,,,,60,live-2026-08-06
香川,2026,0,0,0,,,,,,,,,,0,live-2026-08-06
高知,2026,0,0,0,,,,,,,,,,0,live-2026-08-06
鳥取,2026,5,31,29,,,,,,,,,,65,live-2026-08-06
